item,count,stddev,mean
1,70,0.7473458589346382,3.991529566901071
2,70,0.8863107627537047,3.8472813640322006
3,70,0.7255455423634055,3.870302506855556
4,70,0.6859316788429397,3.7192370993750434
5,70,0.6649936876536044,3.7624494535582405
6,70,0.7767879993465835,3.8828906195504325
7,70,0.8516476488494431,3.7426396540233067
9,70,0.934829766223036,3.5326245955058506
10,70,0.7671753778343572,3.7557542528424945
11,70,0.8995388469349235,3.9571745872497557
13,70,0.8305603866801285,3.7961654356547765
14,70,0,0
15,70,0.7320618501189172,3.4149324212755476
16,70,0.7817176461261591,4.000106835365296
17,70,0.8143691409953075,3.8469121524265835
18,70,0.6529166798795247,3.6880736691611156
19,70,0.7320618501189172,3.4149324212755476
21,70,0.8832423329538042,3.828808460916792
22,70,0.6529166798795247,3.6880736691611156
23,70,0,0
24,70,0.830796831731063,3.875879110608782
25,70,0.7589478075016033,4.036991136414664
26,70,0.7771194355275833,3.775419245447431
28,70,0,0
29,70,0.7805512895343213,3.9402187756129674
30,70,0.7099711059820117,3.8914155210767474
32,70,0.8936380554169355,3.8996641397476197
34,70,0.8938771561464828,3.8519926479884554
35,70,0.6218482519322384,3.9256448302950178
36,70,0.7690205318801501,3.8698573180607387
38,70,0.7875004331531598,3.400806842531477
39,70,0.7495078843421957,3.8501646382468087
40,70,0,0
41,70,0.7769974648338812,4.02173285143716
42,70,0,0
44,70,0.833737603363454,3.567813561643873
45,70,0.677533543503357,4.0909967524664745
46,70,0,0
47,70,0.9799499215836411,3.8419098377227785
48,70,0.8003991411993724,3.8164829083851406
50,70,0.8273631299546248,4.091277691296169
52,70,0.7625878322440768,3.9993421946253096
54,70,0.7320618501189172,3.4149324212755476
55,70,0.6814175241965746,3.5129332304000855
58,70,0,0
60,70,0.6853668161873728,3.855180893625532
62,70,0.7002420942890117,3.8280552046639578
64,70,0.7878341869071072,3.5919224585805622
65,70,0.695025298926606,3.6206844755581447
66,70,0.7721769574605909,3.529249225343977
70,70,0.7854975250254349,3.9779237134116037
73,70,0.677906843942368,3.794906369277409
74,70,0.7912058272200452,3.960779288836888
76,70,0.7502675514229099,3.944222525187901
78,70,0.6784937517579993,3.690830206871033
79,70,0.6784937517579993,3.690830206871033
81,70,0.636516172929844,3.9031922136034285
82,70,0.6910497144380194,3.8471520730427335
85,70,0.7028074009462595,3.809827641078404
86,70,0.7073531010711823,3.7391061084611077
88,70,0.8413131947173916,3.715912389755249
89,70,0.8759444528286833,3.773915251663753
92,70,0,0
93,70,0,0
94,70,0.6034250814565614,3.864758699280875
95,70,0.824754665043791,3.7119577033179145
100,70,0.6446210289917521,3.963356511933463
104,70,0.866626353218761,3.6297031811305454
105,70,0.6783479676737413,4.025486261504037
107,70,0.692537057628958,3.769483574799129
110,70,0.9008435056577296,3.9261994974953787
111,70,0.8960629915319045,3.962698187146868
112,70,0.7837775298365173,3.7697701249803814
113,70,0,0
116,70,0.6659937508241192,3.6295136962618146
118,70,0.7635278166189012,3.8226313386644635
122,70,0.6414001967855985,3.791612982749939
123,70,0.5747567088407447,3.9912614243371145
125,70,0.6855414851744623,3.840323625292097
126,70,0.8419376940238956,3.3580596123422897
132,70,0.6784937517579993,3.690830206871033
135,70,0.7875004331531598,3.400806842531477
140,70,0,0
141,70,0.6393467103073157,3.9746353149414064
144,70,0.779012644392768,4.001683419091361
145,70,0.7711257481953815,3.434434791973659
148,70,0.6392708052140212,3.7402030059269498
150,70,0.789097272119415,4.002165072304862
151,70,0.7658857050464469,3.8686818259102957
153,70,0.7025721171048661,3.7549005814961025
154,70,0.6515569523047019,3.987080897603716
155,70,0,0
157,70,1.0017403153623954,3.4882145847593033
158,70,0.648091298885674,3.7051950420652116
159,70,0.8810791206061331,3.8066751377923147
160,70,0.7328162531220647,3.8003807749067033
161,70,0.8443933154720784,3.7732722657067437
162,70,0.7563350740536632,4.139387512207032
163,70,0.8318539860131082,3.8948585067476547
164,70,0.7124351641394148,3.9839688948222567
165,70,0.7931534434317593,3.8510911498750957
166,70,0,0
168,70,0.6918877674625344,3.72623097555978
170,70,0.5754867851561276,3.7539490052631925
172,70,0.6776717124006698,3.9744731766836985
173,70,0.7830862359554518,3.811935315813337
175,70,0.6885245911930752,3.7246462140764507
176,70,0.9866189768698915,3.6422751767294748
177,70,0.6529166798795247,3.6880736691611156
178,70,0.6595357321188156,3.518861995424543
180,70,0.6455812839484842,3.8189365829740254
182,70,0.7054243345699446,3.6215576342173983
184,70,0.6392708052140212,3.7402030059269498
185,70,0.7847210955982215,3.7729560852050783
186,70,0.7603868086448483,3.733602406297411
187,70,0.7376915123764297,3.7331839544432506
188,70,0.6392708052140212,3.7402030059269498
190,70,0.6392708052140212,3.7402030059269498
193,70,0.6529166798795247,3.6880736691611156
194,70,1.000312650094645,3.606985412325178
195,70,0.7538444807333816,3.7051324878420147
196,70,0.7364078244029629,3.840044113567897
198,70,0.8040579638527406,3.8879837376730784
199,70,0.6296816326031689,4.131291825430734
202,70,1.028484130881625,3.5497904317719597
203,70,0.6637198554570248,3.7370257309504917
205,70,0,0
207,70,0.6792137068336602,3.9938668625695364
208,70,0.8696179104089591,3.627948536191668
215,70,0.818798991195816,3.9159973859786987
216,70,0.7716729722927692,3.7296923330851963
217,70,0.729319674858564,3.4437652111053465
218,70,0,0
222,70,0.678112181136542,3.94645790372576
223,70,0.9883223565868802,3.9304688079016548
224,70,0.7989319785457658,4.011196643965585
225,70,0.7054243345699446,3.6215576342173983
229,70,0.7411995691444541,3.8798508422715323
230,70,0.6867254993725812,3.933396100997925
231,70,0.7958913162847503,3.740867062977382
232,70,0.6544268664481262,3.9692676339830673
233,70,0.5982498064046751,4.035097541127886
234,70,0.683653457273812,3.6028907997267585
235,70,0.8199288755285934,3.8826398577008927
236,70,0.7729593089363119,3.68850017786026
237,70,0.6850339926531444,3.9522673538752966
239,70,0.7320618501189172,3.4149324212755476
242,70,0.7382407052093706,3.4260483843939644
246,70,0.649077691754238,4.059532042912075
247,70,0.6155558519052347,4.031278494426182
248,70,0.7315196812217377,3.8304206916264127
249,70,0.7549018331163285,3.970989257948739
252,70,0.7465720893720217,3.6947853905814037
253,70,0.6101101980674087,4.0760999236788065
254,70,0.6649740406406432,3.7769266162599835
256,70,0.669563327750201,3.7680086272103446
257,70,0.6947135819544736,3.6389082568032403
258,70,0,0
259,70,0.6529166798795247,3.6880736691611156
260,70,0.8793763870421575,4.080606062071664
261,70,0.7150332172920838,3.7645027569362095
262,70,0.8476165515487359,3.6314463019371033
265,70,0.7492421381302865,3.9935992990221294
266,70,0.7628363167742072,3.7272039924349105
267,70,0.7373169604840137,3.54706700188773
268,70,0.6529166798795247,3.6880736691611156
269,70,0.5646138906168571,4.052588725090027
272,70,0.6864123908462003,4.025108705248152
275,70,0.6637198554570248,3.7370257309504917
276,70,0.6796851121725443,3.7575746706553868
277,70,0.6545533995506696,3.830250038419451
278,70,0.729319674858564,3.4437652111053465
279,70,0.6910497144380194,3.8471520730427335
280,70,0.6175389725265539,3.836969031606402
281,70,0.6446210289917521,3.963356511933463
282,70,0.6101101980674085,4.0760999236788065
287,70,0,0
288,70,0.8574519845613731,3.856979819706508
289,70,0,0
290,70,0.6392708052140212,3.7402030059269498
291,70,0.9320263469729069,3.3585775477545603
292,70,0.6745394537163533,3.8882234573364256
293,70,0.7604451666823484,4.030705434935434
296,70,0.8600299860218628,3.933441959108625
299,70,1.000312650094645,3.606985412325178
300,70,0.7927874518658996,3.844134000369481
302,70,0.6596913110353616,4.009360010283334
303,70,0.7133752729203352,3.8360471078327723
305,70,0,0
307,70,0.6392708052140212,3.7402030059269498
309,70,0.6814175241965746,3.5129332304000855
312,70,0.8924100899620234,3.3511043054716927
313,70,0.833737603363454,3.567813561643873
314,70,0,0
315,70,0.729319674858564,3.4437652111053465
316,70,0.8963689514226592,3.7946313074656897
317,70,0.8170564304019581,3.7366053206580028
318,70,0.8308425170309391,4.023076922552926
319,70,0.6334168198520155,4.029706399781364
321,70,0.8953104931037947,3.8024410911968776
322,70,0.6392708052140212,3.7402030059269498
326,70,0.6392708052140212,3.7402030059269498
327,70,0.662860298793456,3.924971444266183
329,70,0.7521608088324602,3.7291939871651785
330,70,0.6688210663551974,3.925398942402431
333,70,0.7815867702101812,3.7083376577922276
334,70,0,0
336,70,0.708212999955559,3.5104217614446367
337,70,0.7953189174498398,3.935022306442261
339,70,0.779932751549269,3.779060970033918
340,70,0.6816975727436153,3.7322362082345144
341,70,0.6392708052140212,3.7402030059269498
342,70,0.6141686956057105,3.938824214254107
344,70,0.8455801625507966,3.736284307071141
345,70,0.6573685490457666,4.064597467013768
346,70,0.708212999955559,3.5104217614446367
348,70,0.7434624417079586,4.022454101698739
349,70,0.7958029995162955,3.974162461076464
350,70,0.6888117016155951,3.847081892830985
351,70,0.6637198554570248,3.7370257309504917
353,70,0.8444464960226004,3.918788514818464
355,70,0.6954594186746864,3.664053407737187
356,70,0.9341494974180885,4.047272729873657
357,70,1.0636450598334235,3.741431144305638
358,70,0.6529166798795247,3.6880736691611156
360,70,0.6419701929471099,3.6374691690717427
361,70,0.7181204207537154,4.017586483274187
364,70,0.7939710950414206,3.829233980178833
365,70,0.6814175241965746,3.5129332304000855
366,70,0,0
367,70,0.7470908184804688,3.8336611100605555
368,70,0.7836633337164397,3.691844732420785
370,70,0.7316588742781422,3.7479606219700403
371,70,0.6926661464561299,3.926233788899013
372,70,0.7034791454884763,3.7526441369737897
374,70,0.7320618501189172,3.4149324212755476
376,70,0.6699110449159822,3.756299890790667
377,70,0.892269583438733,3.7650556700570244
378,70,0.7618211066854207,3.7811812911714826
379,70,0.6722002197060584,3.8022502865110126
380,70,0.7896654108360551,3.707771727016994
381,70,0.6890136933843554,3.989445866857256
382,70,0.5840706221636721,3.849463265282767
383,70,0.6744739897178437,3.7596194710050312
392,70,0.6055651126865825,3.7081101621900285
393,70,0,0
405,70,0.8595814436580791,3.4633093680654254
410,70,0.6303344548278313,3.719549550328936
412,70,0.8110236012410625,3.971265741756984
413,70,0.683653457273812,3.6028907997267585
415,70,0.6814175241965746,3.5129332304000855
416,70,0.729319674858564,3.4437652111053465
418,70,0.7054243345699446,3.6215576342173983
419,70,0.7320618501189172,3.4149324212755476
420,70,0.8179894644601127,3.6824793134416853
421,70,0.7846121629713599,3.809504304613386
423,70,0.6908293960535419,3.6988399846213205
424,70,0.729319674858564,3.4437652111053465
425,70,0.7556658455569167,3.7323151452200753
427,70,0.8419376940238956,3.3580596123422897
428,70,0.752725307817372,4.07281973702567
429,70,0.7402479153373129,3.685745692253113
431,70,0.629016211450433,4.044380467278617
432,70,0.6069343598953191,3.7861529350280763
434,70,0.730012326495079,3.8176467725208827
435,70,0.9259874983744875,3.66954779284341
436,70,0.6814175241965746,3.5129332304000855
437,70,0.7054243345699446,3.6215576342173983
440,70,0.8036259241306188,3.7381423234939577
441,70,0.748793907531246,3.7050036805016653
442,70,0.7989489755261132,3.848152950831822
445,70,0.7004834063629434,3.6876127787998745
446,70,0.6056560671768884,4.046601506641933
447,70,0,0
448,70,0.6392708052140212,3.7402030059269498
449,70,0.6643562333077763,3.66317298412323
450,70,0.6169229171592286,3.8352911131722585
451,70,0.6784937517579993,3.690830206871033
453,70,0.708212999955559,3.5104217614446367
454,70,0.9022092058546153,3.796642691748483
455,70,0.7668587942541035,3.942090095792498
456,70,0.6392708052140212,3.7402030059269498
457,70,0.8628547320728589,3.9558954647609164
459,70,0.8497823409589053,3.8544747267450603
461,70,1.000312650094645,3.606985412325178
463,70,0.729319674858564,3.4437652111053465
465,70,0.7128318236518902,4.0157066243035455
466,70,0.6871899252979448,3.7100166695458547
467,70,0.729319674858564,3.4437652111053465
468,70,0.7453244929797568,3.841402612413679
469,70,0,0
471,70,0.6636297622853613,3.919938952582223
472,70,0.729319674858564,3.4437652111053465
473,70,0.7633759654771585,3.565473874977657
474,70,0.8494251009826305,3.8035129615238734
475,70,0.6524136296699004,3.8729589206831796
476,70,0,0
480,70,0.9340417928670698,3.9124549422945294
481,70,0.8462528954326358,3.7673329489571707
482,70,0.6392708052140212,3.7402030059269498
485,70,0.6562792941775737,3.7548199483326505
486,70,0.7320618501189172,3.4149324212755476
487,70,0.7875004331531598,3.400806842531477
489,70,0,0
490,70,0,0
491,70,0.729319674858564,3.4437652111053465
492,70,0.6530245179833619,3.7967884268079484
493,70,0.6201495369090217,4.008577401297433
494,70,0.6824246158237598,4.048469958986555
496,70,0.7616606143612016,3.6349919063704355
497,70,0.808340582726178,3.925678600583758
498,70,0,0
499,70,0.7435723239660115,3.5937404785837446
500,70,0.7919553141607996,3.787510510853359
501,70,0.7375803946573352,3.704917321886335
503,70,0.8215311119790039,3.5716381907463073
506,70,0.6061482996114991,4.039127492904663
507,70,0.6428798294483571,3.5879792758396696
508,70,0.6361412310253676,4.056733727455139
509,70,0.8928846857709024,3.8355563129697527
510,70,0.5635066666146427,3.80958844934191
511,70,0.7731034898759273,3.7629891957555497
513,70,0.6255864996362133,3.826343059539795
514,70,0.6829875283535648,3.645453447954995
515,70,0.7363022305078748,3.9816331488745553
516,70,0.708212999955559,3.5104217614446367
517,70,0.7188988994091041,3.888641541344779
518,70,0.7620499555930234,3.4506751690592083
519,70,0.5692004166070309,3.7842646087918963
520,70,0.6346788006746066,3.8164763416562764
521,70,0.66900990282624,4.05339595590319
522,70,0.6833228059898415,3.8152798652648925
524,70,0.8811931556324017,3.7408213581357685
527,70,0.9971867836837939,3.903199563707624
528,70,0,0
529,70,0.8495221320144759,3.9635300397872926
531,70,0.7305010109133819,3.8774219785417827
532,70,0.7572356517770487,3.87770551272801
533,70,0.708212999955559,3.5104217614446367
534,70,0.708212999955559,3.5104217614446367
538,70,0.6802707710257666,3.974270369325365
539,70,0.8242328587745502,3.800033450126648
540,70,0.729319674858564,3.4437652111053465
541,70,0.8437607319986015,4.079199634279523
542,70,0.7094927259987702,3.7819485664367676
543,70,0.809072329110985,3.927915130342756
546,70,0.7515687180421529,3.6907773222242084
550,70,0.7282169093311831,3.7386866654668536
551,70,0.7564237304693592,3.986741328239441
552,70,0.7648363007195391,3.751844702448164
553,70,0.6660803146043702,3.8505495412009103
555,70,0.744054900129393,4.03048837525504
556,70,0.6726792683549488,4.029526805877685
561,70,0.6392708052140212,3.7402030059269498
562,70,0.7413323132634495,4.027080794743129
565,70,0.5879609518288658,3.8708630084991453
566,70,0,0
569,70,0.7366910709397877,3.79999829019819
571,70,0.6392708052140212,3.7402030059269498
575,70,0.708212999955559,3.5104217614446367
580,70,0.7382407052093706,3.4260483843939644
581,70,0.6317099781135427,4.053317751203265
585,70,0.7765431628551889,3.737069123131888
586,70,0.8619742693236185,3.727138934816633
587,70,0.9251312513819382,3.8555202654429843
588,70,0.7468677060290275,3.815328482219151
589,70,0.8458480589388145,4.033333332198007
590,70,0.818392894631835,3.823282323564802
592,70,0.8779469150291547,3.6979937859943934
593,70,0.9732276219467556,4.1027838843209405
594,70,0.8954454414798377,3.8380439826420374
595,70,0.8630424931810992,3.7547759294509886
596,70,0.870240089574244,3.841539754186358
597,70,0.9078294985187663,3.7922120468957083
599,70,0.6878528163622152,3.621390063422067
605,70,0.7822004607801848,3.9686715875353133
608,70,0.9138910771602429,3.9815786497933523
609,70,0.729319674858564,3.4437652111053465
610,70,0.7448014509063586,3.90078090940203
611,70,0.6135351650346431,3.711047053337097
612,70,0.7875004331531598,3.400806842531477
615,70,0,0
616,70,0.8476165515487359,3.6314463019371033
617,70,0.640960619041488,3.932905663762774
628,70,0.7199665209432186,3.9173683030264717
630,70,0.6649740406406432,3.7769266162599835
633,70,0,0
637,70,0,0
640,70,0.7054243345699446,3.6215576342173983
647,70,0.6686879427976589,3.813531953947885
648,70,1.0023772155480388,3.694428982053484
650,70,0,0
653,70,0.8459087934092344,3.7676883527210783
659,70,0.7734688645102473,3.6631435360227314
661,70,0.8159457631578642,3.9839580161230903
663,70,0.7267730958732009,3.7169250045503888
664,70,0.6784937517579993,3.690830206871033
671,70,0.8500429413091241,3.8349123205457416
673,70,0.7373169604840137,3.54706700188773
674,70,0.6098314896832622,4.127334713935852
678,70,0.7236721663235487,4.006123553003584
688,70,0.7661881727532446,3.708140352794102
691,70,0,0
694,70,0.5825665712819126,3.7861529350280763
695,70,0.6055651126865825,3.7081101621900285
697,70,0.6257111472265865,3.8563235010419574
707,70,0.7362913091301436,3.894210137639727
708,70,0.8685291796311976,3.8677887439727785
714,70,0.9866189768698915,3.6422751767294748
718,70,0.6392708052140212,3.7402030059269498
719,70,0.78732908138046,3.6772280761173795
720,70,0.7561088349538952,4.161949392727443
724,70,0.6034250814565614,3.864758699280875
728,70,0.8772456647416653,3.902982311589377
733,70,0.954182148057448,3.8338541303362166
735,70,0.6529166798795247,3.6880736691611156
736,70,0.8597956891647948,3.673452387537275
737,70,0.7246035735362477,3.762596300670079
741,70,0.8023903136579819,3.9762464318956647
743,70,0.6442330347121126,3.742862163271223
745,70,0.794647822667265,4.129041572979518
748,70,0.7239247837695905,3.882970803124564
750,70,0.7906580478475883,4.089382437297276
753,70,0,0
762,70,0.701387970333933,3.751519356455122
764,70,0.6518624038700177,3.956350530896868
765,70,0.6964357116285406,3.764294716290065
766,70,0.6529166798795247,3.6880736691611156
771,70,0.7767161796405122,3.5911793283053806
778,70,0.815346795070408,3.831867483683995
779,70,0,0
780,70,0.838284376397108,3.8058144126619613
782,70,0.7054243345699446,3.6215576342173983
783,70,0.6486503744626243,3.805803155899048
784,70,0.7944443621395391,3.7682726519448417
785,70,0.7891984783459741,3.9606829813548496
786,70,0.7449558641109635,3.687838339805603
788,70,1.038059349242378,3.620225487436567
798,70,0.7706767370129527,3.459542204652514
799,70,0.6840191892482927,3.896021342277527
800,70,0.8614575635650799,3.8111375825745717
802,70,0.7012453791453134,3.8275975057056972
803,70,0,0
804,70,0.8536956510774151,3.718322764124189
805,70,0.6517322157915764,3.7833959136690414
806,70,0.6784937517579993,3.690830206871033
813,70,0,0
818,70,0.7670431905533479,3.6959813015801566
824,70,0,0
829,70,0.6001421057847148,3.7539490052631925
830,70,0.8224353290176925,3.953972090993609
832,70,0.741606644977886,3.8984854630061556
833,70,0.8924100899620234,3.3511043054716927
835,70,0.7320618501189172,3.4149324212755476
836,70,0.708212999955559,3.5104217614446367
837,70,0,0
838,70,0.7110676352108327,3.8202108689716883
839,70,0.9320263469729069,3.3585775477545603
842,70,0.8923473049004967,3.5590442521231513
846,70,0.6333903830642366,3.9669775996889385
847,70,0,0
848,70,0.6649740406406432,3.7769266162599835
849,70,0.6717070437107059,3.867573482649667
852,70,0.699995171991394,3.891638313020979
858,70,0.9307492315634165,3.8639276368277415
860,70,1.028484130881625,3.5497904317719597
861,70,0.8415508132859781,3.806202348640987
863,70,0,0
866,70,0.7134182577524636,4.02367627961295
879,70,0.7918837126392961,3.6470135620662143
880,70,0.7934105674602551,3.7402159793036325
886,70,0,0
891,70,0.9729447787502229,3.6495836853981016
893,70,0.6529166798795247,3.6880736691611156
896,70,0.9866189768698915,3.6422751767294748
897,70,0,0
898,70,0.7672518980850599,4.103210166522435
899,70,0.824008948263073,3.791860110419137
900,70,0,0
901,70,0.699366347826572,3.9361272880009244
902,70,0.8954523957609206,3.8654332637786863
903,70,0.7119684785797943,3.915840302194868
904,70,0.7790590337384409,3.9709574801581247
905,70,0.7910280044586495,3.975678297451564
906,70,0.6778043814424535,4.016504754338945
907,70,0.794251138452696,3.7018615790775846
908,70,0.8021446915682742,4.051236663545881
909,70,0.7173367772330805,3.9770651851381573
910,70,0.8288898340767715,3.721629316466195
911,70,0.7369121387403801,4.114199466364724
912,70,0.9181874438867785,3.973099613189697
913,70,0.8185127375699753,4.013117122650146
914,70,0.8170570389098079,3.8040655749184746
915,70,0.8072797236570445,3.8589998143059865
916,70,0.8308449275505954,3.801486679485866
918,70,0.6869369638785667,4.009808482442583
919,70,0.8316261580113532,4.104512173788888
920,70,0.8397257255428526,3.872710653713771
921,70,0,0
922,70,0.6206559603152368,4.086630208151681
923,70,0.8795307766639276,3.8189767939703807
924,70,0.9012683194787267,3.8164667095456806
926,70,0.8423771921740019,3.8805076973778863
927,70,0.794251138452696,3.7018615790775846
928,70,0.7938980512059033,3.927613994053432
929,70,0.6649740406406432,3.7769266162599835
930,70,0.6825716799706021,3.9682635273252216
931,70,0.6077796018168737,3.9936127049582346
932,70,0.6637472713489301,3.9668376582009452
933,70,0.7221813361618638,4.078790048190526
934,70,0.7094408115420123,3.884571170806885
937,70,0.6264753013459828,3.816580084392003
938,70,0.7160494259772486,4.0302116428102766
940,70,0.6835636999659229,3.8396833641188484
942,70,0.7516455617028075,3.6968468717166356
943,70,0.7492134892163664,3.9272037608282906
945,70,0,0
946,70,0,0
947,70,0.7229031382603139,4.006741213798523
948,70,0,0
949,70,0.6165600398617291,4.068368152209691
950,70,0.6021761874941767,3.994660190173558
951,70,0.7711148361944478,4.088469733510698
952,70,0.6705963843857846,3.9351484860692705
953,70,0.7367175955142699,4.089518066814968
954,70,0.7332611334398564,4.186473182269505
955,70,0.7627639566394613,3.9500131845474242
956,70,0.6784937517579993,3.690830206871033
957,70,0,0
959,70,0.7315332538121655,3.933683967590332
960,70,0.6649740406406432,3.7769266162599835
961,70,0.7769751148643492,3.982210099697113
963,70,0.6136141566828891,4.053037660462516
965,70,0.7032599232835904,3.938694259098598
968,70,0.8069276027044301,4.05265348979405
969,70,0.8796217435522461,3.8674727405820573
971,70,0.6330148277118463,4.120971621785845
973,70,0,0
974,70,0.6784937517579993,3.690830206871033
976,70,0,0
978,70,0,0
982,70,0,0
986,70,0.9109990876739075,3.60761935710907
991,70,0.708212999955559,3.5104217614446367
994,70,0.8563371348119011,4.032225384031023
996,70,0.6908293960535419,3.6988399846213205
999,70,0,0
1003,70,0.7875004331531598,3.400806842531477
1005,70,0.7337909986314597,3.4896622674805777
1007,70,0.6902346151599413,3.6537558691842213
1009,70,0.7341311244176009,3.923060485294887
1010,70,0.6085783503801153,3.7403211900166102
1011,70,0.7320618501189172,3.4149324212755476
1012,70,0.623238186700022,3.9788906369890484
1013,70,0.6565794412219583,3.783988315718515
1014,70,0,0
1015,70,0.6753052592607103,3.764294716290065
1016,70,0.7491668728723783,3.785599398612976
1017,70,0.6680647096115446,3.8495850426810128
1018,70,0,0
1019,70,0.8101674809273478,3.8650313990456717
1020,70,0.7279023962389035,3.7213999475751605
1021,70,0.7373169604840137,3.54706700188773
1022,70,0.8399184553033147,3.898340620313372
1023,70,0.6998479686947087,3.800820483480181
1025,70,0.6396045104895498,3.944938337802887
1027,70,0.6662256955564746,3.831801530293056
1028,70,0.8973213820899923,3.81725149835859
1029,70,0.742058914666202,3.8408477102007184
1030,70,0.7396659399536641,4.0427264928817745
1031,70,0.5877663527972677,4.015156265667507
1032,70,0.5955262538785157,3.9799947908946445
1033,70,0.765127898023109,3.7775073851857868
1034,70,0.8137533850169602,3.490189003944397
1035,70,0.8534505024934737,3.826458876473563
1036,70,0.8496845976870079,3.9097295420510427
1037,70,0.7073413724854919,3.868713573047093
1041,70,0.7112361418443375,4.050709755080087
1042,70,0.7419955289126644,3.759889943259103
1043,70,0.6709033873371595,3.9812654495239257
1046,70,0.6403723000610304,4.03363983631134
1047,70,0.615739232364055,3.945916761670794
1049,70,0.7850492131618317,3.6279951640537806
1050,70,0.6910497144380194,3.8471520730427335
1051,70,0.7382407052093706,3.4260483843939644
1054,70,0.8810791206061331,3.8066751377923147
1057,70,0.6238032502368802,4.036696757589068
1059,70,0.6899015536453481,4.05380574294499
1060,70,0.8763658534426642,3.814416936465672
1061,70,0.5775482114303739,4.001523273331778
1064,70,0.7710053139201641,3.741555597100939
1066,70,0,0
1069,70,0.7516455617028075,3.6968468717166356
1073,70,0.8428177367122692,3.9301834310804096
1077,70,0.7654630444940997,4.013034074647086
1078,70,0.7170828847763814,3.970719620159694
1079,70,0.9217569696821996,3.92838123525892
1080,70,0.8840999854365723,3.872976691382272
1081,70,0.7118993048235908,3.916409877368382
1082,70,0.6649740406406432,3.7769266162599835
1083,70,0,0
1084,70,0.87031632832967,3.9008592809949603
1085,70,0.7981381626363231,3.8756960357938492
1086,70,0.6169033493668973,3.9556020327976773
1088,70,0.8946984277472837,3.9050072465624126
1089,70,0.813416258478288,3.9572882924761092
1090,70,0.8383712986738798,3.7716093846729826
1091,70,0.7549819764888783,3.788663343020848
1092,70,0.7772609202682856,3.893867458615984
1093,70,0.6971756049160903,3.704917321886335
1094,70,0.8420631547208394,3.857656342642648
1095,70,0.7560176320481973,4.01857876096453
1096,70,0.6200096173148906,4.028331777027675
1097,70,0.8754775184109064,3.7906959703990393
1099,70,0.6649740406406432,3.7769266162599835
1100,70,0.7786777971760253,3.710563666479928
1101,70,0.8725090339167837,3.9338929414749146
1102,70,0,0
1103,70,0.7405162064953174,3.9673679215567454
1104,70,0.7768423296982763,3.8822388444628033
1120,70,0.5983042879865984,4.013001537322998
1124,70,0.7107771706080446,4.033217774118696
1125,70,0.8105950264848982,3.8986357927322386
1126,70,0.7251814297102672,3.5291989973613194
1127,70,0.8605379099069391,3.9134764092309133
1129,70,0.8133283461263272,3.9690420389175416
1130,70,0.5775482114303739,4.001523273331778
1135,70,0.7841437533795307,3.947010360445295
1136,70,0.8344509021280566,3.834491995402745
1147,70,0.6428798294483571,3.5879792758396696
1148,70,0.761405309245167,4.172004052570888
1152,70,0.7633190286656019,3.7680903570992608
1161,70,0.6910497144380194,3.8471520730427335
1162,70,0,0
1171,70,0.8317369881160622,3.900748474257333
1172,70,0.7565777172894179,4.02207807472774
1173,70,0.5840706221636721,3.849463265282767
1175,70,0.6933264512127848,4.082160942895072
1176,70,0,0
1177,70,0.6446210289917521,3.963356511933463
1179,70,0.790173380565439,4.01717950786863
1180,70,0,0
1183,70,0.8918960721352716,3.842916897365025
1184,70,0.6392708052140212,3.7402030059269498
1185,70,0.7275224552668147,3.958692346300398
1186,70,0.7717778472741901,3.914482065609523
1188,70,0.9482657775759671,3.8536659376961846
1189,70,0.6601712186039679,4.100562681470598
1190,70,0.6392708052140212,3.7402030059269498
1191,70,0.7724230008534224,3.796592283248901
1192,70,1.0185869480029013,3.6962410245622905
1193,70,0.8601591926474886,3.8802838461739677
1196,70,0.8590840020775748,4.117364600726536
1197,70,0.8548868725085582,3.9435265609196253
1198,70,0.8365334760177315,4.06681318623679
1199,70,0.7479168570445454,4.033812860080174
1200,70,0.8899446646979311,3.859733533859253
1201,70,0.8228666689389083,3.7815224954060147
1203,70,0.6602963059636188,3.9126971483230593
1204,70,0.7432578751959346,4.033615694727216
1205,70,0.7441397138416856,3.8865343366350444
1206,70,0.773887390092724,3.948608885492597
1207,70,0.8316836690292374,3.8586371762411935
1208,70,0.8435374929245354,3.859654096194676
1209,70,0.7292540462875059,3.854803024019514
1210,70,0.8476414702610657,3.867214778491429
1211,70,0.6392708052140212,3.7402030059269498
1212,70,0.6357288501277273,4.068242546490261
1213,70,0.8844166901376316,3.965311104910714
1214,70,0.9600869414471891,3.761070142473493
1215,70,0.9416074830627728,3.8476455109460015
1216,70,0,0
1217,70,0.7081631847024645,3.981787960869925
1218,70,0.6309901249052856,4.037269800049918
1219,70,0.8010024214626357,3.833946136065892
1220,70,0.8632289130487191,3.7984802654811314
1221,70,0.8564505134774891,3.888104966708592
1222,70,0.8351951171744513,3.8696680579866682
1223,70,0.6912574665512576,4.171534020560128
1224,70,0.5962297590483562,4.129822441509792
1225,70,0.8912711417278982,3.998734051840646
1226,70,0.7505316711463698,3.9394884960991994
1227,70,0.7261294815454509,3.9826508590153287
1228,70,0.6868460840822675,3.898364574568612
1230,70,0.8885859423390966,3.858197348458426
1231,70,0.612755601148464,4.0299765484673635
1233,70,0.6856693772755584,3.8693725619997297
1234,70,0.7581380797278264,4.12428663458143
1235,70,0.8327959554166724,4.02166587625231
1237,70,0,0
1240,70,0.9083471237926315,3.9168132543563843
1241,70,0,0
1242,70,0.7964087728265972,3.8816111087799072
1243,70,0.7990096623754485,4.058204630443028
1244,70,0.8244903301707892,3.9400260959352766
1245,70,0.6670098173914811,3.939141746929714
1246,70,0.8471188392523717,3.866107978139605
1247,70,0.9119346096730828,3.7718714577811103
1248,70,0.632697857254263,4.069711123194013
1249,70,0.8382085106196678,3.92229665347508
1250,70,0.8380668768720542,4.0211932625089375
1251,70,0,0
1252,70,0.7840237356563124,3.932185023171561
1253,70,0.8551848397677164,3.963052957398551
1254,70,0.8020367547927708,3.8663657665252686
1256,70,0.7287267532770614,3.870161407334464
1257,70,0.7571850805908151,3.8276760714394706
1258,70,0.8050868243671905,3.963529770714896
1259,70,0.8675807688312424,3.9520247289112636
1261,70,0.8853609816591137,3.947369728769575
1262,70,0.7851108415606467,3.834568558420454
1263,70,0.7364777186913365,3.9688854353768486
1264,70,0.617665593039819,4.044571001189095
1265,70,0.9058189224439905,3.6945054939814974
1266,70,0.788300429105825,3.7438199298722403
1267,70,0.7437914334970362,3.9670993089675903
1268,70,0.6367572399750464,3.9279658385685514
1269,70,0.8083530027979582,4.0241970709392
1270,70,0.9424508418374963,3.851253489085606
1271,70,0.7784306060592948,3.975890851020813
1272,70,0.7835530246818614,3.999305203982762
1274,70,0.7989483727639952,3.865675595828465
1275,70,0.7662304820545436,3.9159900324685233
1276,70,0.7889500522567978,4.103311317307608
1277,70,0.6690769902188117,4.004214831760952
1278,70,0.9600767824651009,3.8257816757474625
1279,70,0.8500324236317249,3.8969455787113736
1280,70,0.6392708052140212,3.7402030059269498
1281,70,0.5993566239825204,3.986922880581447
1282,70,0.8767080382713621,3.921985163007464
1283,70,0.777479787930127,3.850456268446786
1284,70,0.7969354719943604,4.044373307909284
1285,70,0.7399738555220248,3.9766221182686943
1286,70,0.7382723814620521,3.9791533231735228
1287,70,0.8996302052131848,3.972305233137948
1288,70,0.7856942874454185,3.9126330988747733
1290,70,0.6392708052140212,3.7402030059269498
1291,70,0.8355067110234768,3.9643682207380024
1292,70,0.8784254440843454,3.9629937410354614
1293,70,0.7273076320950218,3.9885733842849733
1294,70,0.832284748269123,3.957708956514086
1295,70,0.6704554968901002,4.019323321751186
1296,70,0.8611000164317114,3.872947863170079
1297,70,0.6598856801228455,3.930953986304147
1298,70,0.7169088262814777,3.9187193598066057
1299,70,0.6684265434200111,4.022817618506295
1300,70,0.5683073849114073,4.080699460847037
1301,70,0.7687771542294758,3.9890044246401106
1302,70,0.7569958410732177,3.886590736252921
1303,70,0.7294395781497891,3.953525938306536
1304,70,0.9075923404798762,3.715460845402309
1305,70,0.6392708052140212,3.7402030059269498
1306,70,0.7482507268555487,3.872812509536743
1307,70,0.8185024801076419,3.7890958411352975
1310,70,0.6333184624863342,3.734928802081517
1311,70,0.7813566468930399,3.4454610109329225
1313,70,0.7376915123764297,3.7331839544432506
1320,70,0.7757529314070355,3.8349302734647477
1321,70,0.7195474387453241,3.9796850851603915
1327,70,0.8756224672278423,3.7614284447261266
1331,70,0,0
1333,70,0.6416044104052854,4.095186318670001
1334,70,0.6293812941462198,3.88446604183742
1337,70,0,0
1339,70,0.8556384360196588,3.9224246195384436
1340,70,0.7017072239684856,3.9314070190702166
1342,70,0.7382407052093706,3.4260483843939644
1343,70,0.7843322568318515,3.9965926613126483
1344,70,0.5777062800533511,3.95953106880188
1345,70,0.784734358401114,3.844296291896275
1347,70,0.7169090198371103,3.90305438382285
1348,70,0.7633190286656019,3.7680903570992608
1350,70,0.7540336393356297,3.9285938944135395
1352,70,0.6814175241965746,3.5129332304000855
1353,70,0,0
1356,70,0.8846408914398677,3.8107997826167517
1357,70,0.7852837632493379,3.958691079275949
1358,70,0.8951800829156358,3.9499216624668665
1359,70,0.7320618501189172,3.4149324212755476
1363,70,0.6784937517579993,3.690830206871033
1365,70,0.6392708052140212,3.7402030059269498
1366,70,0.7054243345699446,3.6215576342173983
1367,70,0.7225356287478713,3.734516647883824
1370,70,0.7888512871627431,3.719770475796291
1371,70,0.8889234866450375,3.8160022735595702
1372,70,0.8319565784580215,3.7499024288994924
1373,70,0.7746242922830803,3.7754926102502004
1374,70,0.8458721910649346,3.8977147170475552
1375,70,0.7483006370167608,3.8058627469199044
1376,70,0.8642915947086178,3.7787814004080635
1377,70,0.7769905185253557,3.729216034071786
1378,70,0.6944487787364336,3.8172893456050327
1379,70,0.6533307046761371,3.715300021852766
1380,70,0.8561189297592781,3.7297709465026854
1381,70,0.7934500588293956,3.4352132490703036
1385,70,0.7245189107246857,3.782368070738656
1387,70,0.8718425358621952,3.8655646903174263
1388,70,0.6654946771147174,3.7283289875302996
1390,70,0.7538444807333817,3.7051324878420147
1391,70,0.8381046253250265,3.728594476836068
1392,70,0.6358532305581488,3.9775029284613472
1393,70,0.922428816911403,3.859974571636745
1394,70,0.8867026856851037,3.821558243887765
1395,70,0.6449406607644474,4.004048882211958
1396,70,0.7334740719900636,3.8913842030933927
1398,70,0.6954594186746864,3.664053407737187
1401,70,0.6784937517579993,3.690830206871033
1405,70,0.6476726875768212,3.800690678187779
1407,70,0.7885426196069596,3.991997310093471
1408,70,0.90113516097613,3.83539788041796
1409,70,0.7865726468722759,3.9714507137026107
1411,70,0.8167657813038512,3.8544550589152746
1414,70,0.7030193001318966,3.8622661318097795
1416,70,0,0
1417,70,0.6814175241965746,3.5129332304000855
1419,70,0,0
1421,70,0,0
1422,70,0.6604925372203084,3.7680287190846036
1425,70,0.6912149801279492,3.8969456808907643
1428,70,0.7616606143612016,3.6349919063704355
1429,70,0.7915568165241842,4.011926507949829
1431,70,0.8333726941026708,3.7165556294577464
1432,70,0.6784937517579993,3.690830206871033
1438,70,0.9490027388145563,3.268007777418409
1441,70,0.8155072693498674,3.949473748888288
1442,70,0,0
1446,70,0.8085631811539258,3.8795062558991567
1449,70,0.7213815176822508,3.8798508422715323
1450,70,0.6910497144380194,3.8471520730427335
1453,70,0,0
1457,70,0.7023762657087279,3.724281321253095
1459,70,0.6128292289874486,3.8432182822908674
1461,70,0.760857236858097,3.661914450781686
1463,70,0.7083358144540711,3.9639304467609953
1464,70,0.7633190286656019,3.7680903570992608
1466,70,0.7774587957565883,3.9913846663066317
1468,70,0,0
1474,70,0.7819761787073276,3.3368539708001275
1476,70,0.6327302713375695,3.960845650945391
1477,70,0.6784937517579993,3.690830206871033
1479,70,0.7359777689475105,3.919776562282017
1480,70,0.5981506986108839,3.950189931052072
1483,70,0.6814175241965746,3.5129332304000855
1485,70,0.9391002335640556,3.6967996665409633
1487,70,0.5842265527871483,3.9083927052361624
1488,70,0.5924213539863239,3.8835419484547207
1498,70,0.6684484100182211,3.8664908477238247
1499,70,0.7154505661221577,3.474578220503671
1500,70,0.772570999592017,3.8633706331253053
1509,70,1.000312650094645,3.606985412325178
1513,70,0.7655942418475645,4.058662809644427
1517,70,0.8875361095862278,3.8929412841796873
1518,70,0.7502738945568715,3.8210419705935887
1522,70,0.6529166798795247,3.6880736691611156
1526,70,0.7320618501189172,3.4149324212755476
1527,70,0.79617116239411,3.9265136071613855
1529,70,0.9866189768698915,3.6422751767294748
1535,70,0.7943115492526609,3.936676161629813
1537,70,0.8101471345727511,3.979731215749468
1541,70,0.764396009493999,3.971482140677316
1544,70,0.808659056404091,3.72248101915632
1545,70,0,0
1546,70,0.8413131947173916,3.715912389755249
1552,70,0.9384466349568327,3.687278185571943
1554,70,0.6271374822517223,4.04008971282414
1556,70,0.6356700905112048,3.6144212348120552
1562,70,0.7672754983184389,3.677343625681741
1563,70,0.8462528954326358,3.7673329489571707
1566,70,0.8273527899710206,3.72447726385934
1569,70,0.8227097752967398,3.746664493424552
1571,70,0,0
1573,70,0.9241802734933474,3.890210975919451
1580,70,0.8824475820306394,3.8225992611476354
1583,70,0.6637198554570248,3.7370257309504917
1584,70,0.8833468616042662,3.777411501748221
1586,70,0.7564601956039301,3.8925734622137886
1587,70,0.6180372005091003,3.9141155787876674
1588,70,0.7875004331531598,3.400806842531477
1589,70,0.6652133950903258,3.9578286034720285
1590,70,0.5923777447910129,3.9457976068769183
1591,70,0.6973880385741738,3.8095923900604247
1593,70,0.8282794633709822,3.817073733466012
1594,70,0.8778736380976946,3.7947359919548034
1597,70,0.8032119555092525,3.681862303188869
1600,70,0.7769485096669679,3.5412828973361425
1601,70,0.7616606143612016,3.6349919063704355
1602,70,0.7320618501189172,3.4149324212755476
1603,70,0.6187181994370808,3.936243782724653
1606,70,0.6850898353728005,3.656260217939104
1608,70,0.8401138642736468,3.7602336270468575
1609,70,0.6814175241965746,3.5129332304000855
1610,70,0.8497752780162899,4.03643536567688
1611,70,0.6392708052140212,3.7402030059269498
1614,70,0.6982746839734154,3.9949956383023943
1615,70,0.7222341312521349,3.9160893201828
1616,70,0.6419717594021643,3.6812738725117273
1617,70,0.8407809734893125,3.880093632425581
1619,70,0.6562912981326843,3.909322874886649
1620,70,0.6045363112094814,4.0423796142850605
1621,70,0.5413667875085781,3.8470999343054637
1623,70,0.6814175241965746,3.5129332304000855
1624,70,0.7616606143612016,3.6349919063704355
1625,70,0.8273061788754823,3.8128892762320383
1627,70,0.6814175241965746,3.5129332304000855
1629,70,0.6784937517579993,3.690830206871033
1632,70,0,0
1633,70,0.5571559369664756,4.064122857366289
1635,70,0.8094432763677942,3.9752143383026124
1639,70,0.7802620385575285,3.8711828878947667
1640,70,0.7375375501371824,3.52447635105678
1641,70,0.8568592756825133,3.896607742990766
1643,70,0.7876725508021573,3.9537428396088736
1644,70,0.8536826736369787,3.6802059548241752
1645,70,0.8504165766605949,3.793469023704529
1648,70,0.6529166798795247,3.6880736691611156
1649,70,0.9866189768698915,3.6422751767294748
1650,70,0.8372342898688766,3.6865061470440454
1653,70,0.9075739954294265,3.927694978032793
1654,70,0.6565563248986188,3.8794040526662554
1655,70,0.9426875206972486,3.480640574863979
1657,70,0,0
1658,70,0.6643807607188007,3.9565228717667718
1660,70,0.6013512127876394,4.0382282938276015
1663,70,0.8575938591254869,3.868735408782959
1665,70,0.6928187078183762,3.598708496774946
1666,70,0,0
1669,70,0.8764787417629775,3.729918806893485
1672,70,0.6997203503832868,3.952192315033504
1673,70,0.810162744956315,3.9780880349023002
1674,70,0.7942510442070337,3.756804207393101
1676,70,0.8301419648765102,3.7388361215591432
1677,70,0,0
1678,70,0.852930943151078,3.92838933467865
1680,70,0.7555304496624277,3.9790610824312482
1682,70,0.8425156544963666,3.880227174077715
1683,70,0.835076492186295,3.881055894919804
1684,70,1.000312650094645,3.606985412325178
1686,70,0.6529166798795247,3.6880736691611156
1687,70,0.7023824472820205,3.8765843391418455
1688,70,0.722957617582681,3.996120374543326
1689,70,0.7202699485172317,3.760988514763968
1690,70,0.7982212660742392,3.8814048085893904
1693,70,0.6069281707287576,3.8577802010944913
1694,70,0.6539970288421111,3.8227610349655152
1699,70,0.8448288039137986,3.728501330103193
1701,70,0.718628792584859,3.9935810259410314
1702,70,0.631101827414735,3.7585653032575337
1703,70,0.7373169604840137,3.54706700188773
1704,70,0.8954071205939639,3.98974586725235
1707,70,0,0
1711,70,0.7096476794755162,3.8968140670231413
1713,70,0.729319674858564,3.4437652111053465
1715,70,0.9866189768698915,3.6422751767294748
1717,70,0.8615930826911473,3.896653815678188
1719,70,1.000312650094645,3.606985412325178
1721,70,0.8569431832211268,3.9669174432754515
1722,70,0.8000582038721971,3.744481897354126
1726,70,0.6814175241965746,3.5129332304000855
1727,70,0.6649740406406432,3.7769266162599835
1729,70,0.6851396859280624,3.9930031606129237
1730,70,0.7659371666453396,4.0577660117830545
1731,70,0,0
1732,70,0.7823265849069495,3.9659149408340455
1733,70,0.8275757693024025,3.9341938938413348
1734,70,0.9866189768698915,3.6422751767294748
1735,70,0.6434247744872081,4.052297854423523
1739,70,0.9320263469729069,3.3585775477545603
1747,70,0.8109878575336111,3.8563545056751796
1748,70,0.7601721626745003,3.991226369994027
1752,70,0.7320618501189172,3.4149324212755476
1753,70,0.7254299539697137,3.8381001472473146
1754,70,0.7557087549810307,3.9716392823628017
1756,70,0.6638736131817967,3.9969832522528512
1759,70,0.9866189768698915,3.6422751767294748
1760,70,0.7218203890524489,3.5766408239092145
1762,70,0.708212999955559,3.5104217614446367
1769,70,0.6392708052140212,3.7402030059269498
1772,70,0.7260461820292079,3.841856030055455
1777,70,0.8902508310404079,3.7847961153302876
1779,70,0.7812242442011476,3.8349550213132586
1782,70,0,0
1783,70,0.6261223043865931,3.7872237035206386
1784,70,0.7878097258488419,3.9389543260846818
1785,70,0.7342193699018061,3.947456647668566
1788,70,0.7970150580258396,3.823291999953134
1792,70,0.7737437320511112,3.7887084450040547
1794,70,0.922752254936839,3.7177658455712455
1797,70,0.6999062348804008,3.787163380214146
1799,70,0.6986739963164142,3.8403849499566216
1801,70,0.8452634986331293,3.6831619705472676
1804,70,0.6255276616958224,3.723685487679073
1805,70,0.6451174488800742,3.9654040166309903
1806,70,0,0
1810,70,0.7429028345413821,3.8010397263935634
1816,70,0.6814175241965746,3.5129332304000855
1821,70,0,0
1827,70,0.6643562333077763,3.66317298412323
1831,70,0.8495435745714072,3.7687591552734374
1833,70,0.6694341081285003,3.737661361694336
1834,70,0.6596837868497236,4.169667131560189
1835,70,0.6524582974868218,4.085127983774457
1836,70,0.6121285518568759,4.046811955315726
1840,70,0.717918971654122,3.6580972330910817
1845,70,0.6898505524996582,3.979469861303057
1848,70,0.6814175241965746,3.5129332304000855
1861,70,0.6814175241965746,3.5129332304000855
1862,70,0.6602558873325798,3.6155864681516374
1873,70,0.7347431564364675,3.9917331865855625
1875,70,0.7306012039644851,3.6928004571369715
1876,70,0.90076818081059,3.767215916088649
1880,70,0.729319674858564,3.4437652111053465
1882,70,0.9397643314946991,3.6442792313439507
1883,70,0.7594812759849234,3.8847434520721436
1884,70,0.691805021473221,4.012414969716754
1885,70,0.7277344663694573,4.067597392627171
1887,70,0.8768035079314322,3.640479632786342
1888,70,0.7518694694427194,3.9581560611724855
1892,70,0.7193432742496577,3.807492773873465
1894,70,0.7586098998344095,3.6948671068464005
1895,70,0.6804020218629461,3.8524822541645594
1897,70,0.9866189768698915,3.6422751767294748
1904,70,0,0
1907,70,0.7080012621886782,3.8026182055473328
1909,70,0.8718353241873431,3.856938488142831
1911,70,0.7177899897125201,3.799634974343436
1912,70,0.6837660200648661,4.090376789229257
1913,70,0.6529166798795247,3.6880736691611156
1914,70,0.7364903595036388,3.798926980154855
1916,70,0.6790622744487989,4.068741703033448
1917,70,0.8341001722572805,3.7959169319697788
1918,70,0.7305104015100419,3.8861328738076346
1919,70,0,0
1920,70,0.7218115667956128,3.8059360504150392
1921,70,0.7911668100513037,4.019815564155579
1922,70,0,0
1923,70,0.9688585965077652,3.8016440408570427
1924,70,0.9379188033018689,3.498068586417607
1926,70,0,0
1927,70,0.6812346794574211,3.8369894811085294
1931,70,0.5682068355953342,3.8847163200378416
1934,70,0.6649740406406432,3.7769266162599835
1935,70,0,0
1937,70,0,0
1938,70,0.6649740406406432,3.7769266162599835
1939,70,0,0
1944,70,0.6924665785374433,3.8877422843660625
1945,70,0.8064141839728927,3.910134039606367
1946,70,0.6502896928684938,4.017003328459603
1947,70,0.8974430404421557,3.9845242057527814
1948,70,0.7113797049349125,3.9083845785685947
1949,70,0,0
1950,70,0.664506706945291,4.1005230835505895
1951,70,0,0
1952,70,0.7244817048792187,4.000891413007464
1953,70,0.8651020677532116,4.007436060905457
1954,70,0.8717919405139656,3.7832395485469275
1955,70,0.7731236285593762,3.867044472694397
1956,70,0.7411784475319324,3.9027522904532295
1957,70,0.7556772685274599,3.9810786076954434
1958,70,0.9626753098805299,3.924000470978873
1959,70,0.8064915225285442,4.004207846096584
1960,70,0.6792461750595405,3.9521029472351072
1961,70,0.8677653034019548,3.8926108939307076
1962,70,0.8002835729958062,3.883791889463152
1963,70,0.6643562333077763,3.66317298412323
1964,70,0.7053687840186867,3.969275978633336
1965,70,0.5780330309026497,4.168072843551636
1966,70,0.840157472894775,3.914452522141593
1967,70,0.8017138994778763,4.019504993302482
1968,70,0.8647920065837725,3.7420131547110422
1969,70,0,0
1970,70,0,0
1971,70,0,0
1972,70,0,0
1973,70,0,0
1974,70,0.7164516470949175,3.895542011942182
1975,70,0,0
1976,70,0.8913000625370715,3.6348020230020794
1977,70,0,0
1978,70,0,0
1979,70,0,0
1980,70,0,0
1981,70,0,0
1982,70,0.9171566480723488,3.9162791320255823
1983,70,1.0085497264113548,3.606495339529855
1984,70,1.0085497264113548,3.606495339529855
1985,70,1.0085497264113548,3.606495339529855
1986,70,1.0085497264113548,3.606495339529855
1991,70,0.6879452361924566,3.7760457617895944
1994,70,0.833467098502359,3.797474575042725
1997,70,0.9580950135872051,3.7768367392676216
2000,70,0.8386436898166048,3.9326423372541157
2001,70,0.7947222355386121,3.9436995131628856
2002,70,0.7402372717568013,3.8937739746911184
2003,70,0.8298012397785484,3.787360862323216
2004,70,0.7672521966200283,3.7145674330847602
2005,70,0.9061147067300435,3.7925940786089214
2006,70,0.8287997293545741,3.7777454921177456
2007,70,0,0
2009,70,0.756953575515615,3.9611112219946727
2010,70,0.603767254238721,4.0922633716038295
2011,70,0.8331690984069524,3.8151938421385627
2012,70,0.850568828150572,3.785940200941903
2013,70,0.8169608102479903,3.82675724370139
2014,70,0.7166912984299358,3.6213002817971365
2015,70,0.7195355625061769,3.834570894922529
2016,70,0.7320618501189172,3.4149324212755476
2017,70,0.733364228022737,3.7722405093056817
2018,70,0.8520334390278308,3.884027760369437
2019,70,0.7353808335235763,4.014995983668736
2020,70,0.814766132226918,3.8426951783043997
2021,70,0.9084177009445803,3.831187377657209
2023,70,0.71766664060061,3.8158513818468367
2025,70,0.6104787103765017,3.799999271120344
2027,70,0.9492361572767815,3.618719002178737
2028,70,0.8165932368001023,4.066813155582973
2029,70,0.9866189768698915,3.6422751767294748
2033,70,0.6748257868635837,3.915891194343567
2034,70,0.6381794930783053,4.019850591250829
2037,70,0,0
2038,70,0.5819724967121221,3.8891224077769686
2040,70,0.6637198554570248,3.7370257309504917
2041,70,0.5771982743007562,3.8490003313337056
2042,70,0.7327576712242265,3.5781779732022967
2043,70,0.638437950962239,4.032716260637556
2045,70,0.8028278276561027,3.847296859536852
2046,70,0.7159374621330277,3.921476221084595
2047,70,0.6637198554570248,3.7370257309504917
2049,70,0.6998479686947087,3.800820483480181
2050,70,0.7320618501189172,3.4149324212755476
2052,70,0.8437701910629782,3.613709907872336
2053,70,0.7620499555930234,3.4506751690592083
2054,70,0.8275089393358646,3.6770095246178762
2057,70,0.6055651126865825,3.7081101621900285
2058,70,0.8891700364516791,3.820642352104187
2059,70,0.7416582415455093,3.7541394216673716
2064,70,0.8859486468667881,3.864111270223345
2065,70,0.7950917943102226,3.9876485449927195
2066,70,0,0
2067,70,0.8024442453508576,3.844643875530788
2069,70,0.6910497144380194,3.8471520730427335
2070,70,0.7147486351760197,3.9794943605150497
2071,70,0.7394599969729356,3.81545330115727
2072,70,0.6751995282923592,3.9614990779331754
2076,70,0.6572021373043174,4.021278394971575
2077,70,0.6569132764419696,4.009815498760768
2078,70,0.801356482458561,3.8316385337284635
2079,70,0.6649740406406432,3.7769266162599835
2080,70,0.7996501361782643,3.880780676433018
2081,70,0.842464651716366,3.713363572529384
2082,70,0.7051550521333573,3.76526825768607
2083,70,0.7026183013004365,3.793276333808899
2085,70,0.6142753435992303,3.950626965931484
2087,70,0.7509558534670356,3.9328819138663156
2088,70,0.7709904985160587,3.8621162925447736
2089,70,0.6181705904214432,3.798481093134199
2090,70,0.6565563248986188,3.8794040526662554
2091,70,0.7043613988656603,3.93821370942252
2093,70,0.6887943524615514,3.8628577641078405
2094,70,0.7905390302531715,3.7521188531603133
2096,70,0.7523202760992395,3.9031936304909842
2097,70,0.9945965943170116,3.4945976955550058
2100,70,0.8421815433124615,3.7188378742762973
2103,70,0.8923473049004967,3.5590442521231513
2105,70,0.8353369756336221,3.8539371252059937
2106,70,0.6528692302487673,3.9053416081837247
2107,70,1.0085497264113548,3.606495339529855
2108,70,0.9133323761557517,3.9653616905212403
2109,70,0.856802477487124,3.718586843354361
2110,70,0.9945965943170116,3.4945976955550058
2111,70,0.7442017329018098,3.859273648262024
2112,70,0.5613897795292606,3.9124858379364014
2114,70,0.6529166798795247,3.6880736691611156
2115,70,0.8516254702835038,3.952701074736459
2116,70,0.6559336971075224,3.9621009009225028
2117,70,0.7207333894276646,3.996336272784642
2118,70,0.6809938191175383,3.982135169846671
2119,70,0.7376915123764297,3.7331839544432506
2120,70,0.6814175241965746,3.5129332304000855
2122,70,0.8210030409435632,3.4090486236980984
2123,70,0.8474190352160722,3.491081830433437
2124,70,0.8139998945625653,3.7616963011877877
2125,70,0.6998479686947087,3.800820483480181
2126,70,0.6910621911454193,3.798184428896223
2130,70,0.6649740406406432,3.7769266162599835
2132,70,0.7007743442830024,4.029227612699781
2133,70,0.7133004788930835,3.9794853823525567
2134,70,0.7778367563482912,3.706758860179356
2135,70,0.790196811569064,3.7935951675687516
2136,70,0.7113527302246149,3.7841187374932423
2137,70,0.7330348035302976,3.9129542691367014
2138,70,0.6782285540627975,3.9808875015803746
2139,70,0.7242206380593952,3.901665472984314
2140,70,0.8347675257214164,3.8983964102608817
2141,70,0.6518854762440217,3.7704813616616386
2142,70,0.8474190352160722,3.491081830433437
2143,70,0.6247724055965598,3.976113363674709
2144,70,0.8170968846902942,3.827819892338344
2145,70,0.788173485883763,3.8826015506471907
2146,70,0.7269279493919217,3.9772168295724053
2147,70,0.7505158957124778,3.6697700909205846
2148,70,0.6401344365274321,3.9409735441207885
2149,70,0.7376915123764297,3.7331839544432506
2150,70,0.78076724036153,3.75518707547869
2152,70,0.7683128157783428,3.3178154502596175
2153,70,0.7974770900309172,3.6499331661633083
2154,70,0.617340447538424,3.9697893142700194
2155,70,0.7523489642260847,3.7511137962341308
2159,70,0.7793467455232428,3.8965692554201397
2160,70,0.8485651958247403,3.918240932055882
2161,70,0.8330840337414139,3.8934945923941475
2162,70,0.7382407052093706,3.4260483843939644
2163,70,0.8210030409435632,3.4090486236980984
2165,70,0.6392708052140212,3.7402030059269498
2166,70,0.8646976712081808,3.7695135661533903
2167,70,0.7276912491386086,4.0012969323566985
2168,70,0,0
2171,70,0,0
2173,70,0.7970753585083054,3.7933764014925275
2174,70,0.9090883182837046,3.7038116863795687
2176,70,0.6247774046717742,4.025864447866168
2177,70,0.6784937517579993,3.690830206871033
2178,70,0.5775482114303739,4.001523273331778
2183,70,0.635534410716148,4.0530516045434135
2184,70,0.6055651126865825,3.7081101621900285
2186,70,0.5932385759327956,3.9613178627831593
2188,70,0.9215348150450553,3.6480540207454135
2189,70,0.8137533850169602,3.490189003944397
2193,70,0.9069648945840815,3.9117884499686104
2194,70,0.8145885542994579,3.790747138432094
2195,70,0.7074549572187596,3.7069156544549124
2202,70,0.6610770572365793,4.004058631828853
2205,70,0,0
2206,70,0.6077796018168737,3.9936127049582346
2208,70,0,0
2212,70,0.6649740406406432,3.7769266162599835
2232,70,0.6529166798795247,3.6880736691611156
2236,70,0.8118370728847504,3.8347211275781903
2238,70,0,0
2239,70,0,0
2241,70,0.7026802081877055,3.993233173234122
2243,70,0.8726332841935007,3.9114184209278653
2245,70,0.8111263839369328,3.76286803654262
2247,70,0.7850104186138007,3.5749492032187327
2248,70,0.7906401071956988,3.9156692913600377
2249,70,0.8137533850169602,3.490189003944397
2250,70,0.6428798294483571,3.5879792758396696
2252,70,0.7092201619098815,4.063289233616421
2253,70,0.7650574181289537,3.988032020841326
2259,70,0.6654946771147173,3.7283289875302996
2261,70,0.7399392862045208,3.76979615007128
2262,70,0.7575492969807203,3.8981028761182515
2263,70,0.8210030409435632,3.4090486236980984
2264,70,0.7382407052093706,3.4260483843939644
2265,70,0.8137533850169602,3.490189003944397
2266,70,0.7575492969807204,3.8981028761182515
2268,70,0.8364402243546035,3.924330122130258
2269,70,0.7023300889699953,3.9775392634528024
2272,70,0.6435827793795584,3.935122983796256
2273,70,0.775612865024626,3.888921856880188
2278,70,0.8397905397306895,3.7228428380829945
2282,70,0.7276001769401207,4.027274005753654
2287,70,0.7156235274117104,3.8999015978404454
2288,70,0.755930578124262,3.845724483898708
2289,70,0.663787735007432,4.055841040611267
2290,70,0.7054243345699446,3.6215576342173983
2291,70,0.8442530708035544,3.924907800129482
2292,70,0,0
2294,70,0.6398144142329656,3.8091477700642176
2296,70,0.8590710422168911,3.6269396577562603
2297,70,0.7620280257013071,3.8185417481831143
2300,70,0.7530083533862794,4.173334101268224
2301,70,0.7556658455569167,3.7323151452200753
2302,70,0.8483383721840364,3.778994250297546
2303,70,0.6946203830793806,3.987080897603716
2306,70,0.9184871561216884,3.593101692199707
2310,70,0.8251173428599041,3.649235350745065
2311,70,0.8542940707773305,3.851420225415911
2312,70,0.8173204299479516,4.0292193855558125
2313,70,0.7185493495372934,3.882351040840149
2314,70,0.6814966211453186,3.8637595210756572
2315,70,0.6135351650346431,3.711047053337097
2316,70,0.7355236684759919,3.976397340638297
2318,70,0.7863396621198726,4.0051717928477695
2320,70,0.6914248563276176,3.6505385228565763
2321,70,0.8159043658800469,3.6506822722298757
2322,70,0.6330484455917446,3.88097585609981
2323,70,0.9866189768698915,3.6422751767294748
2324,70,0.8836520430644847,3.9394337109157016
2325,70,0.848690174419283,3.6735531534467425
2328,70,0.6814175241965746,3.5129332304000855
2329,70,0.7419652716816225,4.154453372955322
2331,70,0.7414422379027228,3.916273931094578
2333,70,0.6766226586821856,4.048873117991856
2334,70,0.6474019605708846,3.816455156462533
2335,70,0.6922550469175321,3.7135859285082136
2336,70,0.8613549670550967,3.9459875072751727
2337,70,0.9038535610632962,3.8575594799859183
2338,70,0.8713048210691096,3.7556342465536936
2339,70,0,0
2340,70,0.8272176282433996,3.967781662940979
2341,70,0.6649740406406432,3.7769266162599835
2344,70,0.6824681904015397,3.9793434415544784
2346,70,0.6051390130447422,3.911467695236206
2348,70,0.661608918533658,3.8406997306006296
2349,70,0.6392708052140212,3.7402030059269498
2352,70,0.8521615347268366,3.960682613509042
2353,70,0.7731128930602857,3.940202750478472
2355,70,0.8878735692022394,3.902072058405195
2356,70,0,0
2359,70,0.6793108432855222,3.943201753071376
2363,70,0.6433150970983548,4.090464489800589
2364,70,0.6055651126865825,3.7081101621900285
2365,70,0.6055651126865825,3.7081101621900285
2366,70,0.8364410693478326,3.9165890182767598
2367,70,0.8923473049004967,3.5590442521231513
2369,70,0.8938435438453105,3.9274756976536342
2370,70,0.768142835249571,3.8422967978886198
2371,70,0.8408786680934949,3.8760644469942367
2373,70,0.8474190352160722,3.491081830433437
2374,70,0.8210030409435632,3.4090486236980984
2375,70,0.8000562828353955,3.8653271198272705
2376,70,0.6760082532816502,3.7570279291697912
2377,70,0.6686346588889045,3.967423149517604
2378,70,0.661634822154994,3.823552761759077
2379,70,0.685664052070366,3.6617307032857624
2380,70,0,0
2382,70,0,0
2383,70,0,0
2384,70,0.737029064311773,3.92456818648747
2385,70,0,0
2387,70,0.6754932148280881,3.560868150847299
2389,70,0.6164282934826163,3.961987577165876
2390,70,0.7737435490896508,3.988763747896467
2391,70,0.7656637904823032,3.913835120201111
2392,70,0.7522631295444977,3.7309857436588834
2393,70,0.8885052041538513,3.758370658329555
2394,70,0.7921059060384713,3.865853244917733
2395,70,0.90274025426755,3.9484979050500053
2396,70,0.90438496608041,3.9623290606907435
2398,70,0.8077891500244011,4.046538659504482
2399,70,0.7697786147554246,3.806540138380868
2401,70,0.708212999955559,3.5104217614446367
2402,70,0.6726842355149661,3.8554714815957207
2403,70,0.760256214054977,3.8412661586488994
2404,70,0.6859541151687648,3.7030920369284495
2405,70,0.7050850733856348,3.8671159437724523
2406,70,0.8523371395734209,3.6526683807373046
2407,70,0.8663984318842541,3.8757386428969247
2408,70,0.6402016232023121,3.9255657604762484
2409,70,0.6645481397509875,3.877040982246399
2410,70,0.655525340106976,3.874369556563241
2411,70,0.8250259823842885,3.8193877254213606
2412,70,0.7373169604840137,3.54706700188773
2413,70,0.7518641661244877,3.932716076714652
2414,70,0.707436402171664,3.7237234115600586
2415,70,0,0
2416,70,0.7306595330598409,3.817264907700675
2417,70,0,0
2418,70,0.678432648537799,3.658964766774859
2419,70,0.7734688645102473,3.6631435360227314
2420,70,0.6257830680461138,3.8407589197158813
2421,70,0.7364255239163799,3.8025458438055857
2422,70,0.7573941172333343,3.6464636410985674
2423,70,0.8696640506444722,3.8012907436915806
2424,70,0.8565568602188869,3.8008955104010447
2426,70,0,0
2427,70,0.8570713675110935,3.8603580713272097
2428,70,0.8623387480549133,3.748323246410915
2429,70,0.7158621624506881,3.653330418041774
2430,70,0,0
2431,70,0.7979219905781713,3.845993539265224
2432,70,0.6046797459273807,4.01353783266885
2433,70,0.6899837067233663,3.9636843647275652
2434,70,0,0
2435,70,0.6784937517579993,3.690830206871033
2436,70,0.6756725173306489,3.9991638353892736
2437,70,1.028484130881625,3.5497904317719597
2439,70,0,0
2442,70,0,0
2443,70,0,0
2447,70,0.6162860828671487,3.919789559500558
2450,70,0.8349196376583525,3.762359595298767
2453,70,0.6637198554570248,3.7370257309504917
2454,70,0.7417706104210844,4.047728664534432
2455,70,0.7260722077253183,3.9403058869498118
2456,70,0.6240314439511846,3.7313980579376222
2457,70,0.6784937517579993,3.690830206871033
2459,70,0.8082088168857042,3.8779342106410435
2460,70,1.0832570478575692,3.3661907042775834
2461,70,1.0832570478575692,3.3661907042775834
2462,70,1.0832570478575692,3.3661907042775834
2463,70,0.6866074171804748,4.021315816470555
2467,70,0.6482082373350674,4.01855640070779
2468,70,0.6305731123764363,3.956720222745623
2469,70,0.85967773332218,3.953725566182818
2470,70,0.7384272580481822,3.711374773297991
2471,70,0.7029946431863836,4.01701409816742
2472,70,0.6649740406406432,3.7769266162599835
2473,70,0.724571399006387,3.8226313386644635
2474,70,0.7295739546427784,3.78563848223005
2478,70,0.7808713985193182,3.8234477383749828
2485,70,0.7251199087818816,3.955869599751064
2490,70,0.9016663621661781,3.810407655579703
2491,70,0,0
2492,70,0,0
2496,70,0.7202006191388212,3.813221458026341
2497,70,0.6637198554570248,3.7370257309504917
2498,70,0.6637198554570248,3.7370257309504917
2500,70,0,0
2501,70,0.8597535955087776,3.885751863888332
2502,70,0.8536989745474841,3.9277894837515697
2505,70,0,0
2506,70,0.7691826227052365,3.764490236554827
2507,70,0.9184871561216884,3.593101692199707
2511,70,0.7376915123764297,3.7331839544432506
2517,70,0.6529166798795247,3.6880736691611156
2520,70,0.8048127060942484,3.683200965608869
2523,70,0,0
2524,70,0,0
2526,70,0.8593804065268931,3.4887427500316073
2527,70,0.789406660145383,4.04260390145438
2528,70,0.8379889640345776,3.9600608433995927
2529,70,0.8881048473464598,3.879933909007481
2530,70,0.7624169178910913,3.8483745302472796
2531,70,0.5972696031018118,3.8714483533586774
2532,70,0.6906896003864749,3.7286627224513462
2533,70,0.7394433005028369,3.834952848298209
2534,70,0,0
2537,70,0,0
2539,70,0.8362222858702437,3.835525407109942
2540,70,0.6428798294483571,3.5879792758396696
2541,70,0.8101889073327196,3.88917054108211
2542,70,0.7332029051264822,3.9680472544261387
2544,70,0,0
2546,70,0.6777948291959598,3.7255040202822003
2549,70,0.7616606143612016,3.6349919063704355
2550,70,0.7877398206679886,4.025158197539193
2553,70,0.6582841455468854,4.071466779708862
2554,70,0.6582841455468854,4.071466779708862
2555,70,0.8169924700117919,3.509719204902649
2558,70,0.7513444808104423,3.9192967312676568
2560,70,0.7863396621198726,4.0051717928477695
2565,70,0.6398580488165888,4.0610097272055485
2567,70,0.6374297039490427,3.73253299168178
2568,70,0.8109624965193026,3.740439007963453
2571,70,0.8893681837875724,3.9981816632407052
2572,70,0.9185615774292646,3.848242800576346
2573,70,0.833737603363454,3.567813561643873
2574,70,0.6876943627919737,3.765251919201442
2575,70,0.5747567088407447,3.9912614243371145
2580,70,0.7606508723979353,4.017655706405639
2581,70,0.8099088415570007,3.868417079108102
2583,70,0,0
2596,70,0,0
2598,70,0.7579285057415784,3.8684017828532626
2599,70,0.8428813533617913,4.04731707572937
2600,70,0.8212922579602504,3.9719508034842357
2605,70,0.6822959318760736,3.9273469958986555
2606,70,0.7000813191567594,3.743618413380214
2607,70,1.028484130881625,3.5497904317719597
2611,70,0,0
2612,70,0.7394599969729356,3.81545330115727
2613,70,0.6005850809368881,3.9864799090794154
2615,70,0.6602558873325798,3.6155864681516374
2616,70,0.7628183674771309,3.7096454313823153
2617,70,1.0360166747089006,3.6450310809271675
2622,70,0.8157438329209945,3.8771455798830305
2628,70,0.9535190426689726,3.676118755340576
2629,70,0,0
2633,70,0.7423448923383237,3.88389572756631
2637,70,0.7633190286656019,3.7680903570992608
2638,70,0.7017072239684856,3.9314070190702166
2639,70,0.6726016461557365,3.8298488242285593
2640,70,0.7998650778302653,3.853011294773647
2641,70,0.7575496797109642,3.93561395577022
2642,70,0.7803298899905882,3.803203443118504
2643,70,0.8442020586339729,3.7697014399937223
2644,70,0.695942719541885,4.022531417437962
2646,70,0.7854520209952136,3.8516296403748647
2647,70,0.7854520209952136,3.8516296403748647
2648,70,0.6772083140720353,3.9407870735440937
2649,70,0.8293936337181037,3.787031519412994
2650,70,0.7394599969729356,3.81545330115727
2653,70,0.9426875206972486,3.480640574863979
2657,70,0.9235691820043559,3.736031103134155
2660,70,0.7341961140021361,4.026878036771502
2661,70,0.761070005695724,3.9920907838003976
2662,70,0.8475231994938587,3.9733416557312013
2663,70,0.7616606143612016,3.6349919063704355
2664,70,0.792476773693193,3.8592427900859287
2667,70,0.8215311119790039,3.5716381907463073
2668,70,0.7085510149861834,3.8088600499289376
2669,70,0,0
2670,70,0,0
2671,70,0.8516267190143044,3.8008208206721714
2672,70,0,0
2674,70,0.7633190286656019,3.7680903570992608
2676,70,0.6736080998630481,3.8473109824316842
2677,70,0,0
2678,70,0,0
2681,70,0.8048127060942484,3.683200965608869
2682,70,0,0
2683,70,0.8226419380200742,3.822533426965986
2686,70,0.7066804151381423,4.004862626961299
2687,70,0.7292059789482038,3.7993551765169418
2688,70,0.6726906518858622,3.862467997414725
2690,70,0,0
2692,70,0.8105282144511757,4.033899600165231
2693,70,0.7528037697334414,4.073529648780823
2694,70,0.9529776381172681,3.890574744769505
2699,70,0.994552321690977,3.7725575276783534
2700,70,1.0062357228539929,3.787311049870082
2701,70,0.7733702729163839,3.6252901554107666
2702,70,0.6594326883042716,3.8477948563439504
2706,70,0.9016775879491883,3.7588079724993024
2707,70,0.7526935993406442,3.9831417322158815
2708,70,0,0
2709,70,0.8574535278160893,3.8360144104276386
2710,70,0.8535487271604753,3.991721551758902
2712,70,0.9872680786433923,3.7883047137941634
2713,70,0.7710301119531008,3.7636528491973875
2716,70,0.8733342581402003,3.7667789254869732
2717,70,0.9092373129465766,3.7670943702970234
2718,70,0.7339496408025354,3.8441240106310164
2719,70,0.6665391240313547,3.9196974652154104
2720,70,0.8286765408711021,3.603096743992397
2721,70,1.000312650094645,3.606985412325178
2722,70,0.6691331298033506,4.039389664786203
2723,70,0.8797936760416675,3.7340072086879186
2724,70,0.7204513077407801,3.9367298568998064
2725,70,0.7370596270919055,3.92630923475538
2726,70,0.7291238099806956,3.798562499455043
2728,70,0.7515592028690827,3.9348923887525284
2729,70,0.6649740406406432,3.7769266162599835
2731,70,0.6600046730034569,4.126898373876299
2732,70,0,0
2734,70,0.6723250741403933,3.895608047076634
2735,70,0.6345461837072339,3.882464221545628
2738,70,0.6820928302742706,3.8622661318097795
2739,70,0.6135152900354772,3.980423552649362
2744,70,0.6055651126865825,3.7081101621900285
2746,70,0.9495019804017039,3.7008362770080567
2747,70,0.7768460415445226,4.002767096246992
2748,70,0,0
2750,70,0.6328786704223303,3.9957157100949967
2752,70,0.6941297933705407,3.9594106537955147
2755,70,0.7054243345699446,3.6215576342173983
2757,70,0.68380262988928,3.950338407925197
2759,70,0.7503254899039389,3.809579065867833
2761,70,0.7778128460863317,3.8766052416392736
2762,70,0.8447542260246802,4.069699369158063
2763,70,0.8201049065353113,3.7495992217745098
2764,70,0.5566418222353442,3.864228596006121
2766,70,0.8413131947173916,3.715912389755249
2770,70,0.8099331010555096,3.9787369353430613
2772,70,0.9208377779750035,3.796641560963222
2774,70,0.6428798294483571,3.5879792758396696
2779,70,0.8159184232427643,3.9337494577680316
2780,70,0,0
2781,70,0.6814175241965746,3.5129332304000855
2782,70,0.6897937848598361,3.89858307327543
2786,70,0,0
2787,70,0.6529166798795247,3.6880736691611156
2788,70,0,0
2789,70,0.6355377500101961,3.945701227869306
2790,70,0.8590710422168911,3.6269396577562603
2791,70,0.956903983002139,3.7608865465436665
2792,70,0.7592938552269183,3.803367383139474
2793,70,0.6814175241965746,3.5129332304000855
2794,70,0.7554407736880782,3.7523058346339635
2795,70,0.9179434369192687,3.8398326465061734
2796,70,0,0
2797,70,0.8485714327597997,3.7397790329796927
2798,70,0.8515379306921192,3.3396636349814277
2800,70,0,0
2802,70,0.6957567021656207,4.0331013917922975
2803,70,0.934829766223036,3.5326245955058506
2804,70,0.8792024137450211,3.8384504624775477
2805,70,0.8490283743124639,3.770265933445522
2806,70,0.8585400399281513,3.7601125632013592
2807,70,0.7703243155922294,3.4733772482190814
2808,70,0.6737537182979841,3.8555875267301287
2815,70,0.8169805465717849,3.782660586493356
2816,70,0.7705390534798116,3.4647531747817992
2817,70,0.8098838500912969,3.595199019568307
2819,70,0.6649740406406432,3.7769266162599835
2820,70,0.6649740406406432,3.7769266162599835
2822,70,0.7366362412234827,3.7924647501536777
2826,70,0.902631591683088,3.718971460206168
2827,70,0.7669430761039555,3.493660386971065
2828,70,0,0
2829,70,0,0
2836,70,0.6797749544869739,3.9011939593723843
2840,70,0.605556640144591,3.863938570022583
2841,70,0.6383034241367216,4.050379014015197
2846,70,0.7072591020476093,3.8903605018343246
2849,70,0,0
2851,70,0.6529166798795247,3.6880736691611156
2852,70,0.6435891846721119,4.023352636609759
2856,70,0,0
2857,70,0.6507257205807865,3.9115173271724157
2858,70,0.8804290314972045,4.085714285714285
2860,70,0.7259545879710716,3.7665284548486984
2863,70,0.7257073170427458,3.8910461596080235
2867,70,0.5988929153971438,3.969022808756147
2870,70,0.6760701651612792,4.0546552283423285
2871,70,0.7258584559407826,3.9924845559256417
2872,70,0.8333183665763506,3.925808732850211
2874,70,0.6493781835359668,3.9624203477587017
2875,70,0.6611046859403616,3.925414276123047
2881,70,0.7831662068629094,3.882712302889143
2882,70,0.7725378730793927,3.436137025696891
2883,70,0.5998346889998177,3.7130630016326904
2884,70,0,0
2888,70,0.7664168723178564,3.88014634677342
2890,70,0.8142991203261614,3.889058382170541
2891,70,0.6207519890942441,3.779724049568176
2893,70,0.8927526077352266,3.4249007718903677
2901,70,0.5697322741344197,4.110500018937247
2906,70,0.7159430717257789,3.622105053492955
2907,70,0.6904045943455027,3.850592487198966
2908,70,0.7310015248078732,4.010091982569013
2912,70,0.7094766035596738,4.0289501292364935
2913,70,0,0
2915,70,0.8805495561627851,3.849872374534607
2916,70,0.8985151564568261,3.9022021225520542
2917,70,0.7482507268555487,3.872812509536743
2918,70,0.8741129720958902,3.7332111188343595
2919,70,0.6979496817396751,4.010386575971331
2920,70,0,0
2921,70,0.6505258651767724,3.8267512457711357
2922,70,0.6755787883702089,3.9617999758039204
2926,70,0.6724354307369333,3.8267512457711357
2929,70,0,0
2932,70,0.6946203830793806,3.987080897603716
2935,70,0,0
2936,70,0,0
2939,70,0.6649740406406432,3.7769266162599835
2940,70,0.6649740406406432,3.7769266162599835
2941,70,0.7349536803088431,4.022963448933193
2942,70,0.7537892588265507,3.833166105406625
2943,70,0.6381102227176891,4.129316949844361
2944,70,0.7913351077397801,3.892229131289891
2946,70,0.6839238445697894,3.912694048881531
2947,70,0.7920120842076117,3.8306000437055316
2948,70,0.7939309863428039,3.958174800872803
2949,70,0.689559390508085,4.058047989436559
2950,70,0.6647651457273338,3.8157996416091917
2951,70,0.7770203048133706,3.8049635938235693
2952,70,0.7072506111284138,3.9523462295532226
2953,70,0.7327576712242265,3.5781779732022967
2956,70,0.6529166798795247,3.6880736691611156
2959,70,0.8390107661313396,3.8854884317943026
2961,70,0.7361490976874756,3.843779008729117
2965,70,0.7320618501189172,3.4149324212755476
2966,70,0,0
2967,70,0.6917643579733848,3.9973705087389266
2968,70,0.8076851947274777,3.927907746178763
2969,70,0,0
2972,70,0.6428798294483571,3.5879792758396696
2973,70,0.6421750885690165,4.017814217294966
2975,70,0,0
2976,70,0.7697110205383341,4.015153971740178
2983,70,0.7394599969729356,3.81545330115727
2985,70,0.884781548842468,3.8889231426375255
2986,70,0.598678954767391,3.98077974319458
2987,70,0.7935033779841733,3.9891466890062603
2989,70,0.7465741087472499,3.7448884214673726
2990,70,0.7162108450963338,3.6943304198128835
2991,70,0.860247546171423,3.82864898613521
2993,70,0.8859151765911483,3.859893240247454
2995,70,0,0
2997,70,0.9386834254169857,3.9242439917155676
3000,70,0.7403974167491377,4.131200817653111
3004,70,0.8364085195525202,3.8761619193213326
3005,70,0.8183346865123077,3.9543966225215366
3006,70,0.732814075678699,3.8361108575548446
3007,70,0,0
3011,70,0.726450340450321,3.942824043546404
3012,70,0,0
3015,70,0.6649740406406432,3.7769266162599835
3016,70,0.8017735656931811,3.9266477073941912
3017,70,0.8210030409435632,3.4090486236980984
3018,70,0.6986669641256714,3.891521862574986
3019,70,0.7006828537616449,4.0079728058406285
3020,70,0.7447732855619512,4.0123363937650405
3022,70,0,0
3024,70,0.704280522881183,3.54514148916517
3028,70,0.8997690486872929,3.9063185811042787
3030,70,0.7322625019053111,4.065167696135385
3032,70,0.607733061460357,4.050045027051653
3033,70,0.8302126907239084,3.954920128413609
3034,70,0.6180248138592724,3.774554239000593
3035,70,0.6196059967393068,4.140344977378845
3036,70,0,0
3037,70,0.8881253313846731,3.8640975543430875
3039,70,0.8009238364427235,3.994139862060547
3040,70,0.8084650732552017,3.6924259390149796
3044,70,0.768262088888274,3.9827249663216726
3045,70,0.6218482519322384,3.9256448302950178
3046,70,1.000312650094645,3.606985412325178
3049,70,0,0
3051,70,0.7154032731226816,3.6896632943834575
3052,70,0.75553701352689,3.9938409090042115
3053,70,0.7284724817555291,3.682733998979841
3056,70,0.729319674858564,3.4437652111053465
3060,70,0.6183610488890783,4.015170441355024
3061,70,0,0
3062,70,0.7686625246978289,3.8560285431998116
3063,70,0.6034250814565614,3.864758699280875
3066,70,0.8102485238473706,3.9718192986079623
3067,70,0.6185076324974544,3.976871337209429
3068,70,0.5970272192005605,3.99297000340053
3069,70,0,0
3070,70,0.8323674019310138,3.8834323406219484
3071,70,0,0
3072,70,0.7790828792131202,4.03090615272522
3074,70,0.7330404252572251,3.948822413172041
3076,70,0,0
3078,70,0.6392708052140212,3.7402030059269498
3079,70,0.9349128046560392,3.747130630697523
3081,70,0.8175953836566704,3.7044875621795654
3082,70,0.7000215660762421,3.7836857659476144
3083,70,0.6578443062137723,4.021251995222909
3086,70,0.6637198554570248,3.7370257309504917
3087,70,0.6927434344100605,4.0229536669594905
3088,70,0.8166875029565785,4.084860018321446
3089,70,0,0
3091,70,0.7235744791956238,3.938694259098598
3092,70,0.6392708052140212,3.7402030059269498
3095,70,0.898644583856217,3.8406425101416453
3096,70,0,0
3097,70,0.7742531366096004,3.9763173171452113
3098,70,0.7155457151950593,3.9517365523747037
3099,70,0.7149333132452085,3.796532620702471
3100,70,0.8115552168614398,3.9547478335244315
3101,70,0.9647507337699216,3.816063686779567
3102,70,0.7185585221362785,4.01125511271613
3103,70,0.6784937517579993,3.690830206871033
3104,70,0.7576415034395735,4.05368823664529
3105,70,0.7223835293468814,4.048723251479013
3107,70,0.8578561439653595,3.836091981615339
3108,70,0.8669764834408815,3.8239415781838555
3109,70,0.6784937517579993,3.690830206871033
3110,70,0.6077796018168737,3.9936127049582346
3111,70,0.7633190286656019,3.7680903570992608
3112,70,0,0
3113,70,0.8576529768908537,3.868776045526777
3114,70,0.8794505820623513,4.004415587016514
3115,70,0,0
3120,70,0.8210030409435632,3.4090486236980984
3121,70,0.7633190286656019,3.7680903570992608
3129,70,0.6511057096634916,3.958383056095668
3130,70,0.729319674858564,3.4437652111053465
3134,70,0,0
3142,70,0.6719554801101296,3.935632961136954
3145,70,0.6261223043865931,3.7872237035206386
3146,70,0.848690174419283,3.6735531534467425
3147,70,0.8794383653106171,3.932181259563991
3148,70,0.7595958354563533,3.9756361416407993
3152,70,0.7746681551120078,4.003100967407226
3153,70,0.7343213897952469,4.059413811138698
3155,70,0.6889755984846312,3.980534849848066
3156,70,0.8056170538728492,3.9467595304761613
3157,70,0.6599382432352439,4.043778058460781
3159,70,0.8323111135739355,3.7895306042262487
3160,70,0.8914972494171551,3.9453588111060007
3163,70,1.0185869480029013,3.6962410245622905
3167,70,0.6709007594732269,3.9726581709725517
3168,70,0.717338941391731,3.9926947934286936
3169,70,0.7633190286656019,3.7680903570992608
3173,70,0.7067444908074422,3.7192370993750434
3174,70,0.8593496176260915,3.9024499484470914
3175,70,0.8066958828624207,3.8601258073534286
3176,70,0.8895035056226892,3.752962517738342
3178,70,0.7093885795722927,3.8913962943213325
3179,70,0.6392708052140212,3.7402030059269498
3182,70,0.9184871561216884,3.593101692199707
3185,70,0,0
3186,70,0.6293494269155192,4.044915110724313
3189,70,0.6561686242152764,4.004700452940805
3190,70,0,0
3194,70,0.7184890465591983,3.920940835135324
3196,70,0.6113228156732743,4.041750339099339
3197,70,0.6730136703211711,3.9487390313829693
3198,70,0.7055915674864159,4.05918242931366
3200,70,0.5993566239825204,3.986922880581447
3201,70,0.7325341161132582,3.857796505519322
3203,70,0.5879609518288658,3.8708630084991453
3204,70,0.7394599969729356,3.81545330115727
3206,70,0.7375375501371824,3.52447635105678
3208,70,0.699259290165698,3.7988966805594306
3210,70,0.8486668625108301,3.8021357366016932
3213,70,0.656673137205115,3.7919925042561125
3217,70,0,0
3219,70,0.7253930642237757,3.6627005457878115
3224,70,0,0
3230,70,0.7394599969729356,3.81545330115727
3238,70,0,0
3243,70,0.695025298926606,3.6206844755581447
3244,70,0.7428943637539699,3.9939535106931414
3246,70,0.6643282557027786,3.981100000653948
3247,70,0.8349291344662179,3.7228033099855695
3248,70,0.7538444807333817,3.7051324878420147
3249,70,0.8423034967076736,3.875724557467869
3250,70,0.7285731092146547,3.8152547121047973
3251,70,0.6632579512656952,4.007952264377049
3252,70,0.7926101545528642,3.875640024457659
3253,70,0.9357343498285372,3.6891340562275476
3254,70,0.7892030424221649,3.7552821363721574
3255,70,0.7853508141788925,3.7919084344591414
3256,70,0.8381831246444805,3.8913281951631817
3257,70,0.8285098758426781,3.7712376594543455
3258,70,0.75211991633495,3.7163093737193518
3259,70,0.7417398235963161,3.8210936205727712
3260,70,0.7459044673258097,3.91044511454446
3261,70,0.6773317370395421,3.8740687540599277
3263,70,0.7007952586773503,4.050813058444432
3264,70,0.7457892194730514,3.99121241910117
3265,70,0.6570046207650361,4.141753598621913
3266,70,0.761391104883912,3.9233487265450613
3267,70,0.7812063796753088,3.9979389463152204
3268,70,0.8331889238941933,3.4850348319326128
3269,70,0.8307433012835513,3.5691710335867746
3270,70,0.6284217878534426,3.848349564416068
3271,70,0.7394599969729356,3.81545330115727
3273,70,0.7605788403437951,3.8870661054338727
3274,70,0.6676399870537919,3.8939634561538696
3280,70,0,0
3284,70,0,0
3285,70,0.6529166798795247,3.6880736691611156
3286,70,0.9167935798507264,3.5073503749711175
3287,70,0.7875004331531598,3.400806842531477
3296,70,0.6702735800172703,3.972886140005929
3298,70,0.6433067330644463,4.013180668013437
3300,70,0.8338964551697113,3.8171051638466973
3301,70,0.6656419979630973,3.844891725267683
3307,70,0.6096844342903955,4.012364741734096
3308,70,0.7015359846568552,3.8478529555456977
3309,70,0.6659937508241192,3.6295136962618146
3316,70,0,0
3317,70,0.6649740406406432,3.7769266162599835
3320,70,0,0
3325,70,0.8923473049004967,3.5590442521231513
3326,70,0.6529166798795247,3.6880736691611156
3328,70,0.6207519890942441,3.779724049568176
3330,70,0.6910497144380194,3.8471520730427335
3331,70,0.729319674858564,3.4437652111053465
3334,70,0.776411869198335,3.961186490740095
3338,70,0.7376915123764297,3.7331839544432506
3340,70,0.7394599969729356,3.81545330115727
3341,70,0.7646345154507516,3.882043537071773
3342,70,0.6392708052140212,3.7402030059269498
3347,70,0.6791885091613167,3.9433894259589057
3349,70,0,0
3350,70,0.7543805086841389,3.9143981388637
3354,70,0.8767880812742681,3.7268436772482736
3355,70,0.9490027388145563,3.268007777418409
3358,70,0.7969779939129812,3.9739963497434343
3359,70,0.8904968317635333,4.0098880154745915
3360,70,0.7435723239660115,3.5937404785837446
3361,70,0.9165682278984144,3.882577507836478
3362,70,0.9136159245210278,3.9117238215037755
3363,70,0.8541089079887565,3.8741446665355137
3364,70,0.7085343651161968,3.9821559633527484
3365,70,0.6955709736234473,3.947992219243731
3366,70,0,0
3370,70,0,0
3375,70,0.7516455617028075,3.6968468717166356
3386,70,0.8856942051384036,3.8763495990208217
3387,70,0,0
3388,70,0.7485379153459368,3.744733796800886
3390,70,0,0
3393,70,0.6529166798795247,3.6880736691611156
3396,70,0.9145020395067865,3.8386511053357806
3397,70,0.8916787273209681,3.8507333278656004
3398,70,0.8142984569998897,3.8609232595988683
3399,70,0.7569101305762684,3.7670565468924386
3404,70,0.635539129358635,3.8829724039350237
3405,70,0,0
3406,70,0,0
3408,70,0.8286579304092531,3.983367569105966
3409,70,0.8000933325759834,4.036158697945731
3412,70,0.9853230297129899,3.649724665709904
3414,70,0.7325977014121934,3.8040785687310357
3417,70,0.7684456733547874,3.9383737070219857
3418,70,0.9111674099041565,3.81613199370248
3420,70,0.6892830862311342,3.894074509825025
3421,70,0.7498212676491951,3.7153227840151106
3422,70,0.6943338468203212,3.9414113010678973
3423,70,0.6518673155411692,3.836768845149449
3424,70,0.7657622107561287,3.956914520263672
3425,70,0,0
3426,70,0.729319674858564,3.4437652111053465
3429,70,0.8114322209331157,3.625216031074524
3430,70,0.7054243345699446,3.6215576342173983
3435,70,0.6709975907523814,3.9903822898864747
3436,70,0,0
3437,70,0.8419376940238956,3.3580596123422897
3438,70,0.7726477197262558,3.7706507205963136
3439,70,0.7081323444295403,3.6005707706723893
3440,70,0.9320263469729069,3.3585775477545603
3441,70,0.7271348129394989,3.8192914145333425
3447,70,0.6998479686947087,3.800820483480181
3448,70,0.8326987117659413,3.7320639269692557
3450,70,0.8364709329939997,3.7616689034870694
3451,70,0.7773685519004363,3.933517026901245
3452,70,0.6765639588384631,3.9260601588657926
3457,70,0.7616606143612016,3.6349919063704355
3461,70,0.7210837508229313,3.892566636630467
3462,70,0.7062365979435653,3.79212851864951
3464,70,0.6529166798795247,3.6880736691611156
3466,70,0.7353391201147931,4.013092495713916
3467,70,0.741032585467624,4.062656709126064
3468,70,0.7590941358967822,4.017617314202445
3469,70,0,0
3471,70,0.9224385648080763,3.9042499848774503
3473,70,0,0
3474,70,0.7376915123764297,3.7331839544432506
3476,70,0.8184164656143806,3.8499830859048028
3477,70,0.5754867851561276,3.7539490052631925
3478,70,0.5840706221636721,3.849463265282767
3479,70,0.6933774928995794,3.8865419966833934
3480,70,0.6643562333077763,3.66317298412323
3481,70,0.7023124490286063,4.10640594959259
3483,70,0.6600389226566142,3.686993145942688
3484,70,0.745455259870488,3.9456929377147127
3489,70,0.759341295234441,3.8308032853262763
3494,70,0.655618362330597,3.8830944061279298
3498,70,0.6212708588017315,4.023749358313424
3499,70,0.8128164548078355,3.9072314296449933
3500,70,0.7135924191896128,3.984735792023795
3501,70,0.8560133838594168,3.936602030481611
3502,70,0.7375375501371824,3.52447635105678
3503,70,0.6652462301019251,4.0028591053826466
3504,70,0.8365616367769686,3.992761659622192
3505,70,0.5990838717737257,4.093699611936297
3506,70,0.7375375501371824,3.52447635105678
3507,70,0.8240118632056183,3.8003153358186994
3508,70,0.7432151080613403,3.9203246014458792
3509,70,0.655020177985173,3.755422411646162
3510,70,0.7847938347016419,4.104281156403678
3511,70,0,0
3512,70,0.6674393125265167,4.003021815844945
3513,70,0.8728090380738427,3.6804597684315272
3514,70,1.028484130881625,3.5497904317719597
3516,70,0.7890121920856074,3.926846105711801
3518,70,0.6784937517579993,3.690830206871033
3519,70,0.7728402323059713,3.7494097743715558
3521,70,0.8531866200452244,3.626146456173488
3524,70,0.7661964881375012,3.955490412030901
3525,70,0.8005226170208398,3.931590407235282
3526,70,0.7813806121865629,3.8685206174850464
3527,70,0.9277772895518207,3.8005213499069215
3528,70,0.719655315307663,3.9964535645076205
3529,70,0.6784937517579993,3.690830206871033
3534,70,0.7877881383427754,3.978845296587263
3535,70,0.7620722438943666,3.470064037186759
3536,70,0,0
3540,70,0,0
3543,70,0.7609723977362971,3.9995591163635256
3545,70,0.734917984972584,3.9143981388637
3546,70,0.7394599969729356,3.81545330115727
3548,70,0,0
3549,70,0,0
3550,70,0.6392708052140212,3.7402030059269498
3551,70,0.6628867383873885,4.069368706430708
3552,70,0.9272063961840938,3.7980481999261038
3553,70,0,0
3554,70,0,0
3555,70,0.784612381264085,3.729628905228206
3556,70,0.6617706143337402,4.108345266750881
3557,70,0.5613897795292606,3.9124858379364014
3564,70,0,0
3565,70,0.5946729733382027,4.079411114965167
3566,70,0.7499746800708288,3.6865286009652274
3567,70,0,0
3571,70,0.6185076324974544,3.976871337209429
3576,70,0.7246187353441526,4.074739837646485
3578,70,0.8418655901616422,4.098213638578143
3584,70,0.7047219416617566,3.844021643911089
3587,70,0.7633190286656019,3.7680903570992608
3590,70,0.729319674858564,3.4437652111053465
3591,70,0.8566201083731656,3.7679097039358957
3593,70,0.7396493382696121,3.8261776958193097
3594,70,0.5962846953112695,3.8923640625817435
3596,70,0.8151500096737907,3.7627567631857737
3597,70,0,0
3599,70,0.7633190286656019,3.7680903570992608
3600,70,0.6026382165108835,3.98264845098768
3602,70,0.6784937517579993,3.690830206871033
3604,70,0,0
3605,70,0.6529166798795247,3.6880736691611156
3608,70,0.9169063514223054,3.5769321611949376
3610,70,0,0
3612,70,0.7800175823576937,3.9435582314218793
3613,70,0.6649740406406432,3.7769266162599835
3614,70,0.6685106325333358,3.7801037924630303
3615,70,0.6895505573334134,3.7360285588673183
3616,70,0,0
3617,70,0.79461615530243,3.5628497038568767
3618,70,0.6787788258514404,3.9257270676749094
3619,70,0,0
3620,70,0.6392708052140212,3.7402030059269498
3623,70,0.8732031671241027,3.588222224371774
3624,70,0.7993402018562794,3.8568787234170094
3628,70,0,0
3629,70,0.6661106308534841,3.8844534260886054
3633,70,0.7289743207223439,3.812733486720494
3634,70,0.6762280278178056,3.96275338104793
3635,70,0.8590272992601924,3.807666526521955
3638,70,0.8035761465369103,3.7626051698412213
3639,70,0.8678953529997885,3.805528083869389
3640,70,0,0
3643,70,0,0
3646,70,0.8531616171492555,3.619586612497057
3649,70,0,0
3654,70,0.7345283951816985,3.8482615096228465
3655,70,0,0
3658,70,0.7503076882635417,3.846643216269357
3660,70,0.6618525476126657,3.9134655373437064
3661,70,0.8137533850169602,3.490189003944397
3662,70,0.7616606143612016,3.6349919063704355
3663,70,0.7813566468930399,3.4454610109329225
3664,70,0.7813566468930399,3.4454610109329225
3668,70,0.633405365791598,3.9538429703031266
3671,70,0.8692593228459992,3.7575714111328127
3672,70,0,0
3675,70,0.7573389610084467,3.9332986865724835
3676,70,0.6807796317975942,3.8918303080967496
3677,70,0,0
3678,70,0,0
3681,70,0.6796633440935074,3.848235692296709
3682,70,0.6786691458290987,3.984822361809867
3683,70,0.7505102736732052,3.8961265887532917
3684,70,0.7299369825672362,3.974900565828596
3685,70,0.8287604135162618,3.8248031343732563
3686,70,0.5923031560690499,3.919789559500558
3688,70,0.7651061335083148,3.7764781270708356
3689,70,0.729319674858564,3.4437652111053465
3690,70,0.8234289164809083,3.743798211642674
3693,70,0.6794410275079162,3.8708630084991453
3694,70,0,0
3696,70,0.7616606143612016,3.6349919063704355
3697,70,0.6357907821378721,3.956034551348005
3698,70,0.7063464755929285,3.879339531489781
3699,70,0.8492173835000055,3.8478802510670254
3700,70,0.6044717040962664,4.060123991966248
3701,70,0.752052739177174,3.9007917199816022
3702,70,0.8556242882794353,3.9804268768855504
3703,70,0.8869678581393017,3.833925325529916
3704,70,0.8042422403000637,3.8588751350130353
3705,70,0.6885922246499492,3.894258849961417
3706,70,0.6600353093285624,3.905554008483887
3707,70,0.7619166246074606,3.592346719333104
3708,70,0.6623878048957949,3.9409735441207885
3712,70,0.6522831102103946,3.916552243913923
3713,70,0.7516455617028075,3.6968468717166356
3717,70,0.7810841721844359,3.918951177597046
3723,70,0.5961386070291417,3.9125295570918492
3724,70,0.6784937517579993,3.690830206871033
3725,70,0,0
3726,70,0,0
3727,70,0.6460291023265042,3.912741432871137
3728,70,0.9344147663693021,3.758696038382394
3729,70,0.6649740406406432,3.7769266162599835
3730,70,0,0
3733,70,0.7633190286656019,3.7680903570992608
3735,70,0.71443181266815,4.035111771311079
3738,70,0.6784937517579993,3.690830206871033
3740,70,0.7170003266091032,4.107020510946001
3741,70,0.7100457967816057,3.924176365988595
3742,70,0,0
3743,70,0,0
3744,70,0.8815124841381854,3.9100928919655935
3745,70,0.7687228889232957,3.8381645372935704
3747,70,0.6392708052140212,3.7402030059269498
3751,70,0.7912280775786947,4.021412209102086
3752,70,0.7194873186300812,3.927074864932469
3753,70,0.7787958642170891,3.8715189116341726
3755,70,0.9730114932212516,3.757309818267822
3758,70,0.8048127060942484,3.683200965608869
3760,70,0.7633190286656019,3.7680903570992608
3763,70,0.7163937370301245,3.8378826107297623
3764,70,0.6814175241965746,3.5129332304000855
3769,70,0.753085347756859,3.8177387816565376
3770,70,0.6023373879744244,4.075032557759966
3771,70,0.9945965943170116,3.4945976955550058
3773,70,0.8107699422918534,3.390101361274719
3774,70,0,0
3780,70,0.8398223373277118,3.6403574977602275
3784,70,0,0
3785,70,0.9103020685726272,3.8892051117760795
3786,70,0.6544987561996974,4.082378431728908
3787,70,0,0
3788,70,0,0
3789,70,0.6910497144380194,3.8471520730427335
3793,70,0.8950204845636514,3.8534588064466204
3794,70,0,0
3797,70,0,0
3798,70,0.7525524738133883,3.7631351947784424
3799,70,0.8873542930920199,3.6007325410842896
3802,70,0.6163577692948011,3.9457976068769183
3807,70,0.8048127060942484,3.683200965608869
3808,70,0,0
3809,70,0.834312120185083,3.8429399456296647
3811,70,0,0
3812,70,0.8153038831464594,3.952206669534956
3814,70,0,0
3816,70,0,0
3820,70,0,0
3821,70,1.0562553256128542,3.7102296250207085
3826,70,0.7509592957549786,3.8127185821533205
3827,70,0.7401985699950607,3.973653333527701
3831,70,0,0
3835,70,0.7092243109683201,3.8467252458844867
3836,70,0.8073668378476503,4.0739440883908955
3841,70,0.6649740406406432,3.7769266162599835
3844,70,0.6311747393797177,3.9936127049582346
3846,70,0.7875004331531598,3.400806842531477
3852,70,0,0
3861,70,0.8285336391935237,3.5005462101527622
3863,70,0.6607311786596768,3.8658175877162386
3864,70,0.7603680347766374,3.748858516556876
3868,70,0.8423277419558051,3.8835695913859776
3869,70,0.673289353140615,3.815227859360831
3871,70,0.7411576239413902,3.9971682718821935
3873,70,0,0
3874,70,0,0
3877,70,0.8367905719814963,3.4920291219438826
3879,70,0.7516455617028075,3.6968468717166356
3882,70,0,0
3889,70,0.8258402907509627,3.5969414813177925
3893,70,0.6721706876643664,3.751264224733625
3896,70,0.8924100899620234,3.3511043054716927
3897,70,0.6844895751109654,3.941042910303388
3908,70,0,0
3910,70,0,0
3911,70,0.7554672739715633,3.9217563526970998
3916,70,0.7845749597522018,3.8994188615253993
3917,70,0.6315005738165108,3.92591461454119
3918,70,0.6529166798795247,3.6880736691611156
3919,70,0.8419376940238956,3.3580596123422897
3920,70,0.7734688645102473,3.6631435360227314
3923,70,0.6602558873325798,3.6155864681516374
3926,70,0.6071494633907372,3.767503673689706
3927,70,0.724479165322428,4.061235683304923
3928,70,0.7494410123651528,4.019274345466068
3929,70,0.6649740406406432,3.7769266162599835
3930,70,0.6355377500101961,3.945701227869306
3932,70,0.6597810801543393,3.8962494134902954
3935,70,0.794251138452696,3.7018615790775846
3937,70,0.5816074249430312,3.8247973476137433
3939,70,0,0
3943,70,0,0
3948,70,0.786807550416929,3.8671163286481587
3949,70,0,0
3952,70,0.6246824498015657,4.07751475742885
